Input sentence,Output sentence,
నేను ఇప్పుడు రాయబోయే కథ శ్రీమద్ద భాగవతం లోనిది.,నేను ఇప్పుడు రాయబోయే కథ శ్రీమద్భాగవతం లోనిది.,
పర్వం ఉదోపాదుడు అనే ఒక వ్యక్తి ఉండేవాడు.,పూర్వం ఉదోపాదుడు అనే ఒక వ్యక్తి ఉండేవాడు.,
ఈయన స్వంబు మనువు యోక్క కొడుకు.,ఈయన స్వంబు మనువు యొక్క కొడుకు.,
ఈయనకు ఇద్దరు భర్యలు.,ఈయనకు ఇద్దరు భార్యలు.,
ఒకరి పేరు సురూచి ఇంక్కోరి పేరు సునీతి.,ఒకరి పేరు సురూచి ఇంకొకరి పేరు సునీతి.,
సునీతి చాలా మంచది మరియు అన్ని ధర్మాలు తెలుసు.,సునీతి చాలా మంచిది మరియు అన్ని ధర్మాలు తెలుసు.,
సురూచికి కొంచెం అంకారం ఎక్కువ.,సురుచికి కొంచెం అహంకారం ఎక్కువ.,
ఉధోపాదుడికి సునీతితో ఒక కొడుకు పుట్టాడు. అతని పెరు ఉత్తముడు.,ఉధోపాదుడికి సునీతితో ఒక కొడుకు పుట్టాడు. అతని పేరు ఉత్తముడు.,
సురుచికి పుట్టిన కొడుకు పేరు దవుడు.,సురుచికి పుట్టిన కొడుకు పేరు ధృవుడు.,
"ఉదోపాదుడికి సురూచి మీద మక్కువ ఎక్కువ(,) కాబట్టి తను ఏమి చెప్పిన కాదు అనే వాడు కాదు.","ఉదోపాదుడికి సురూచి మీద మక్కువ ఎక్కువ, కాబట్టి తను ఏమి చెప్పిన కాదు అనే వాడు కాదు.",
ఒకరోజు రాజమందిరంలో ఉత్తముడు ఉదోపాదుడి తొడపై కూర్చుని ఉన్నడు.,ఒకరోజు రాజమందిరంలో ఉత్తముడు ఉదోపాదుడి తొడపై కూర్చుని ఉన్నాడు.,
అది చూసి ధృవుడికి కూడా నాన్నగారి తోడ మీద కూర్చోవాలి అనిపించింది.,అది చూసి ధృవుడికి కూడా నాన్నగారి తొడ మీద కూర్చోవాలి అనిపించింది.,
ఇప్పుడే కథలో ముఖ్యమైన ఘట్టం జరగాన్నుంది.,ఇప్పుడే కథలో ముఖ్యమైన ఘట్టం జరగనుంది.,
ఇప్పుడు ధృవుడు వెళ్లి నానగారు నేను కూడా మీ తొడ మీద కూర్చుంటాను అని అడిగాడు.,ఇప్పుడు ధృవుడు వెళ్లి నాన్నగారు నేను కూడా మీ తొడ మీద కూర్చుంటాను అని అడిగాడు.,
సురుచి అక్కడే ఉండడం చూసి ఉదోపాదుడు ఎమి మాట్లాడలేదు.,సురుచి అక్కడే ఉండడం చూసి ఉదోపాదుడు ఏమి మాట్లాడలేదు.,
"అప్పుడు సురుచి ""ఒరే! నువ్వు అక్కడ కూర్చో వాలంటే నారాయణుడి అనుగ్రహం ఉండాలిరా, అలా ఉంటె నువ్వు సునీతి కడుపున ఎందుకు పుడతావు() నా కడుపున పుటే వాడివి కదా!""","అప్పుడు సురుచి ఒరేయ్ నువ్వు అక్కడ కూర్చో వాలంటే నారాయణుడి అనుగ్రహం ఉండాలిరా. అలా ఉంటే నువ్వు సునీతి కడుపున ఎందుకు పుడతావు, నా కడుపున పుట్టే వాడివి కదా!",
ఇది విని కూడా ఉదోపాదుడు ఏమీ మట్లాడలేదు.,ఇది విని కూడా ఉదోపాదుడు ఏమీ మాట్లాడలేదు.,
పిన్ని చెప్పిన మాటలు అర్థం కాక ఏడుస్తూ అమ్మ దగ్గరాకు వెళ్ళిపోయాడు.,పిన్ని చెప్పిన మాటలు అర్థం కాక ఏడుస్తూ అమ్మ దగ్గరకు వెళ్ళిపోయాడు.,
"అమ్మ ""ఏమేయిందిరా!"" అని అడిగిన చెప్పలేకపోయాడు.",అమ్మ ఏమైందిరా అని అడిగినా చెప్పలేకపోయాడు.,
అప్పుడు అంతఃపురంలోని చెలికతెలు వచ్చి జరిగిన విషయం సునీతికి చెప్పారు.,అప్పుడు అంతఃపురంలోని చెలికత్తెలు వచ్చి జరిగిన విషయం సునీతికి చెప్పారు.,
"అప్పుడు సునీతి, ""నీకు నారాయణుడి అనుగ్రహం లకపోతే, వెళ్లి అనుగ్రహం సంపాదించుకో"" అన్నది.","అప్పుడు సునీతి ""నీకు నారాయణుడి అనుగ్రహం లేకపోతే వెళ్లి అనుగ్రహం సంపాదించుకో"" అన్నది.",
కోపంతో ధృవుడు రాజా భవనం లోంచి బయటకు తప్పసు చేయడానికి పోయాడు.,కోపంతో ధృవుడు రాజభవనం నుంచి బయటకు తపస్సు చేయడానికి పోయాడు.,
ఈ చిన్ని వాడి ముచ్చట చూసి నారాద ముని వచ్చి ఇక్కడ తపస్సు చేయాలో చెప్పారు.,ఈ చిన్న వాడి ముచ్చట చూసి నారద ముని వచ్చి ఎక్కడ తపస్సు చేయాలో చెప్పారు.,
"కానీ నీ కోరిక ఏంటి అని అడగినప్పుడు, ""నాకు పెద్ద పదవి కావాలి"" అన్నాడు.","కానీ నీ కోరిక ఏంటి అని అడిగినప్పుడు, నాకు పెద్ద పదవి కావాలి అన్నాడు.",
కానీ ఆ పదవి ఎంతో ధృవుడికి కూడా తెలియదు పాపం.,కానీ ఆ పదవి ఏంటో ధృవుడికి కూడా తెలియదు పాపం.,
అలా నారదుడి మాట విని ధృవుడు ఒక సరోవరం దగ్గర తప్పసు మొదలుపెట్టాడు.,అలా నారదుడి మాట విని ధృవుడు ఒక సరోవరం దగ్గర తపస్సు మొదలుపెట్టాడు.,
ముందు పద్దమాసనంతో మోదలుపెట్టి తప్పసు చేసాడు.,ముందు పద్మాసనంతో మొదలుపెట్టి తపస్సు చేసాడు.,
ఒక వారం గడిచిపోయింది(),ఒక వారం గడిచిపోయింది.,
రోజుకి ఒక్క పండ తిని కొన్ని నీళ్లు తాగేవాడు.,రోజుకి ఒక్క పండు తిని కొన్ని నీళ్లు తాగేవాడు.,
ఒక నేల గడిచిపోయింది.,ఒక నెల గడిచిపోయింది.,
నెలకి ఒక్కసరి ఒక పండు తినేవాడు.,నెలకి ఒక్కసారి ఒక పండు తినేవాడు.,
ఐదు నెలలు గడిచపోయయి.,అయిదు నెలలు గడిచిపోయాయి.,
వరం ఒక్కసారి వాయుభక్షణం చేసేవాడు.,వారం ఒక్కసారి వాయుభక్షణం చేసేవాడు.,
తరువాత కాలి బొటన వేలి మీద నించును తప్పసు చేసేవాడు.,తర్వాత కాలి బొటన వేలు మీద నిలిచి తపస్సు చేసేవాడు.,
ఇలా ఒక రోజు ఆ ఈశ్వరుడు దరశనం ఇచ్చాడు.,ఇలా ఒక రోజు ఆ ఈశ్వరుడు దర్శనం ఇచ్చాడు.,
నీకు ఏం కావలో కోరుకో అని అడిగితే నాకు పెద్ద పెదవి కావాలి అని అడిగాడు ధృవుడు.,నీకు ఏం కావాలో కోరుకో అని అడిగితే నాకు పెద్ద పదవి కావాలి అని అడిగాడు ధృవుడు.,
సరే నీకు ఒక పెద్ద పదవి ఇస్తను.,సరే నీకు ఒక పెద్ద పదవి ఇస్తాను.,
నీవు శరీరం తేజించిన తరువాత నిన్ను ధ్రువ మండలంలో ఉంచుతాను.,నీవు శరీరం త్యజించిన తర్వాత నిన్ను ధ్రువ మండలంలో ఉంచుతాను.,
నిన్ను అనుసరించే కాలం() గ్రహాలు అన్ని నడుచుకుంటయి అని చెప్పాడు.,"నిన్ను అనుసరించే కాలం, గ్రహాలు అన్ని నడుచుకుంటాయి అని చెప్పాడు.",
ధృవుడు అయో పెద్దపదవి అడిగితే స్వామి ఎంటి ఇలాంటి పదవి ఇచ్చరు. అని బాధపడుతూ ఇంటికి తిరిగి వెళ్ళాడు.,ధృవుడు అయ్యో పెద్దపదవి అడిగితే స్వామి ఏంటి ఇలాంటి పదవి ఇచ్చారు. అని బాధపడుతూ ఇంటికి తిరిగి వెళ్ళాడు.,
రాజ్యంలో ధృవుడికి ఎంత మర్యాద ఇచ్చి రాజ్యాభిషేకం చేశారు.,రాజ్యంలో ధృవుడికి ఎంతో మర్యాద ఇచ్చి రాజ్యాభిషేకం చేశారు.,
ఇది చూసి తాన తమ్ముడైన ఉత్తముడు కడా అరణ్యంలోకి వెళ్ళాడు.,ఇది చూసి తన తమ్ముడైన ఉత్తముడు కూడా అరణ్యంలోకి వెళ్ళాడు.,
కానీ అక్కడ ఒక యెక్షని చతిలో మరణించాడు.,కానీ అక్కడ ఒక యక్షుని చేతిలో మరణించాడు.,
ఇది తెలియని ధృవుడు యెక్షులందరీని సంహరించడానికి పునుకున్నాడు.,ఇది తెలియని ధృవుడు యక్షులందరినీ సంహరించడానికి పూనుకున్నాడు.,
కానీ తన తాతగారు అయిన సచు మనువు చెప్పడంతో ఆగిపోయాడు.,కానీ తన తాతగారు అయిన స్వంచు మనువు చెప్పడంతో ఆగిపోయాడు.,
ఇలా శరీరం వదిలిన తరువాత ధృవమండలానికి వెళ్లి చేరుకున్నడు.,ఇలా శరీరం వదిలిన తర్వాత ధృవమండలానికి వెళ్లి చేరుకున్నాడు.,
నేను ఇప్పుడు రాసే ఈ వక్యం సంస్కృతంలోనిది.,నేను ఇప్పుడు రాసే ఈ వాక్యం సంస్కృతంలోనిది.,
ఇతం ధృవోపాక్కాణం సంపూర్ణం.,ఇతి ధృవోపాఖ్యాణం సంపూర్ణం.,
"నేను కాలేజీ ఐఐటీకి వచ్చిన మొదటి రోజు వర్షం పడింది, నేను రైలు దిగిన వెంటేనే()","నేను కాలేజీ ఐఐటీకి వచ్చిన మొదటి రోజు వర్షం పడింది, నేను రైలు దిగిన వెంటనే.",
నేను మా నాన్న మాత్రం మే వచ్చము.,నేను మా నాన్న మాత్రమే వచ్చాము.,
మేము ఏమీ అనుకున్నాము అంటే ఇది ఉత్తర భారతదేశం కదా! మన దెగ్గర కంటే చాలా చలి ఉంటుంది అని అన్ని ఆ వాతవర్ణంకి తగ్గ బట్టలు వేసుకొని వచ్చము(),మేము ఏమీ అనుకున్నాము అంటే ఇది ఉత్తర భారతదేశం కదా! మన దగ్గర కంటే చాలా చలి ఉంటుంది అని అన్ని ఆ వాతావరణంకి తగ్గ బట్టలు వేసుకుని వచ్చాము.,
ఇక్కడ ఏమో చాలా వడిగా ఉంది.,ఇక్కడ ఏమో చాలా వేడిగా ఉంది.,
చాలా చమటలు కూడా నేను ఇంత వేడి() ఇంకా చిరాకు() నా జీవితం ఎప్పుడు అనుభవించలేదు.,"చాలా చెమటలు కూడా నేను ఇంత వేడి, ఇంకా చిరాకు, నా జీవితం ఎప్పుడూ అనుభవించలేదు.",
"అందులో ఇక్కడ తిండి, పద్ధతి అస్సలు తెలియాదు. మా నాన్నకి నాకు చాలా వింతగా అనిపించింది()","అందులో ఇక్కడి తిండి, పద్ధతి అస్సలు తెలియదు. మా నాన్నకి, నాకు చాలా వింతగా అనిపించింది.",
"అస్సలు ఏమి జరుగుతుంది, ఎందుకు ఇలా అని అర్థం కాలేదు()","అసలు ఏం జరుగుతుంది, ఎందుకు ఇలా అని అర్థం కాలేదు.",
దానికి తగ్గట్టు అస్సలు ఆ గాది (నాకు కేటాయించింది) నాకు చాలా చిన్న అనిపించింది(),దానికి తగ్గట్టు అస్సలు ఆ గది (నాకు కేటాయించింది) నాకు చాలా చిన్న అనిపించింది.,
అప్పుడు నకు తెలియలేదు. ,అప్పుడు నాకు తెలియలేదు.,
అంతకంటే చిన్న గది ఉండవలసి వస్తుంది అని.,అంతకంటే చిన్న గదిలో ఉండవలసి వస్తుంది అని.,
నాకు అదే పెద్ద నరకంగా అనిపించింది(),నాకు అదే పెద్ద నరకంగా అనిపించింది.,
అందులో నేను భౌతిక శాస్త్రం తీసుకున్నాను(),అందులో నేను భౌతిక శాస్త్రం తీసుకున్నాను.,
నాకు దానికి తగినట్టే మొదట కేటాయించిన కోరుసు నాకు అస్సలు అంటే అస్సలు నచ్చలేదు(),నాకు దానికి తగినట్టే మొదట కేటాయించిన కోర్సు నాకు అస్సలు అంటే అస్సలు నచ్చలేదు.,
నేను ఇక్కడికి వచ్చను దేవుడా అని అనిపించింది,నేను ఎక్కడికి వచ్చాను దేవుడా అని అనిపించింది.,
దానితోపాటు వేరే కోరుసులు నాకు నచ్చలేదు(),దానితోపాటు వేరే కోర్సులు నాకు నచ్చలేదు.,
నచ్చకపోవడంతో పాటు నాకు అవి భారం అనిపించింది(),నచ్చకపోవడంతో పాటు నాకు అవి భారం అనిపించింది.,
ఈ కాలం చాలా మంది కొత్త వాళ్ళని కలిసాను(),ఈ కాలం చాలా మంది కొత్త వాళ్ళని కలిసాను.,
రకరకాల మనుషులు ఉన్నారు ఈ లోకంలో అనిపించింది(),రకరకాల మనుషులు ఉన్నారు ఈ లోకంలో అనిపించింది.,
కానీ ఎవరితో అంత గొప్ప స్నేహం ఎరుపడలేదు(),కానీ ఎవరితో అంత గొప్ప స్నేహం ఏర్పడలేదు.,
చాలా చాలా ఓంటరిగా అనిపించింది అంటే ఎంటి ఇది అసలు నేను అస్సలు ఊహించలేదు కూడా(),చాలా చాలా ఒంటరిగా అనిపించింది అంటే ఏంటి ఇది అసలు నేను అస్సలు ఊహించలేదు కూడా.,
"అంతే నేను +1,+2 లో ఉన్నప్పుడు నాకు ఎలా ఉండేది అంటే నా తల్లిదండ్రులు మరీ కటినంగా ఉన్నారు కనకనే అలా అనిపించింది()","అంతే నేను +౧,+౨ లో ఉన్నప్పుడు నాకు ఎలా ఉండేది అంటే నా తల్లిదండ్రులు మరీ కఠినంగా ఉన్నారు కనకనే అలా అనిపించింది.",
కానీ ఇక్కడికి వచ్చాక నాకు అనిపించింది ఎందుకు మా అమ్మ నాన్న అలా ఉండేవారు అని() వాళ్ళ విలువ నాకు తెలిసి వచ్చింది(),"కానీ ఇక్కడికి వచ్చాక నాకు అనిపించింది ఎందుకు మా అమ్మ నాన్న అలా ఉండేవారని, వాళ్ళ విలువ నాకు తెలిసి వచ్చింది.",
నాకు ఇంట్లో ఉన్నంతా కాలంము ఎప్పుడు అర్థం కాలేదు(),నాకు ఇంట్లో ఉన్నంత కాలము ఎప్పుడు అర్థం కాలేదు.,
నేను ఎంత సేపటికి నాకు స్వేచ్ఛ కావాలి() స్వతంత్రం కావాలి అని అనుకుంటూ ఉండేవాడిని(),నేను ఎంత సేపటికి నాకు స్వేచ్ఛ కావాలి స్వతంత్రం కావాలి అని అనుకుంటూ ఉండేవాడిని.,
నాకు ఇక్కడ వచ్చాక తెలిసింది అన్నిటికంటే నాకు కావాలిసింది మనసుశాంతి(),నాకు ఇక్కడికి వచ్చాక తెలిసింది అన్నిటికంటే నాకు కావాల్సింది మనశ్శాంతి.,
అది నాకు తిరిగి ఇంటికి వెళ్ళినప్పుడు తెలిసింది(),అది నాకు తిరిగి ఇంటికి వెళ్ళినప్పుడు తెలిసింది.,
అది ఉత్త ఇంటో నా అనుపించే వాళ్ళ మధ్యనే దొరుకుతుంది(),అది ఉత్త ఇంట్లో నా అనిపించే వాళ్ళ మధ్య ఉంటేనే దొరుకుతుంది.,
సర్రేలే సచ్చో చెడో మొద్దటి కానించాను() ఎస్.పి.వి అస్సలు బాగా రానే రాలేదు(),"సరేలే సచ్చో చెడో మొదటి కానించాడు, ఎస్.పి.వి అస్సలు బాగా రానే రాలేదు.",
నాకు అప్పుడు దాని ప్రాముఖ్యత అంతగా తెలియాలేదు(),నాకు అప్పుడు దాని ప్రాముఖ్యత అంతగా తెలియలేదు.,
అంటే అప్పుడు నేను వేరే ఒక వ్యక్తిని చూశాను() అందరి ఎస్.పి.వి లిస్టు బయటకు వచ్చినప్పుడు(),"అంటే అప్పుడు నేను వేరే ఒక వ్యక్తిని చూశాను, అందరి ఎస్.పి.వి లిస్టు బయటకు వచ్చినప్పుడు.",
ఈ పేరు బలే వింతగా ఉందే అని ఆ వ్యక్తి గురించి చూశాను(),ఈ పేరు బలే వింతగా ఉందే అని ఆ వ్యక్తి గురించి చూశాను.,
ఎందుకో అతనిలా ఉండాలి అనిపించింది(),ఎందుకో అతనిలా ఉండాలి అనిపించింది.,
అందులో ముఖ్యంగా అతనిలా మచ్చి ఎస్.పి.వి తెచ్చుకోవాలి అనిపించింది(),అందులో ముఖ్యంగా అతనిలా మంచి ఎస్.పి.వి తెచ్చుకోవాలి అనిపించింది.,
ఆ విషయం నాకు దొరికిన ఏకైక మిత్రునికి చెప్పను అనుమాట(),ఆ విషయం నాకు దొరికిన ఏకైక మిత్రునికి చెప్పాను అన్నమాట.,
మేము అప్పుడు వచ్చేసారికి ఎలా చదివితే బాగుంటుంది అని ఓక పేనాలికని గీసుకొని దాన్ని అనుసరించాము(),మేము అప్పుడు వచ్చేసరికి ఎలా చదివితే బాగుంటుంది అని ఒక ప్రణాళికను గీసుకొని దాన్ని అనుసరించాము.,
అది బానే పనికి వచ్చింది(),అది బానే పనికి వచ్చింది.,
ఈసారి కోర్సులు కూడా నాకు నచ్చాయి(),ఈసారి కోర్సులు కూడా నాకు నచ్చాయి.,
అందులో పి.హెచ్.వై 1-1-2 అని ఒక కోర్స్ బాగా నచ్చింది(),అందులో పి.హెచ్.వై ౧-౧-౨ అని ఒక కోర్స్ బాగా నచ్చింది.,
అప్పుడు నేను తీసుకున్న ప్రోగ్రామ్ పై నాకు కొంచెం భైర్యం వచ్చింది(),అప్పుడు నేను తీసుకున్న ప్రోగ్రామ్ పై నాకు కొంచెం ధైర్యం వచ్చింది.,
ఆ సెమ్ లో ఎస్.పి.వై కొంచెం పేరిగింది(),ఆ సెమ్ లో ఎస్.పి.వై కొంచెం పెరిగింది.,
అనుకున్న అంత గొప్పగా అంటే రాలేదు కానీ పర్వలేదు అనిపించింది(),అనుకున్న అంత గొప్పగా అంటే రాలేదు కానీ పర్వాలేదు అనిపించింది.,
అలా త్రీ సెమిస్టర్లలో కూడా పర్వాలేదు అనిపించింది(),అలా త్రీ సెమిస్టర్లలో కూడా పర్వాలేదు అనిపించింది.,
అందులో ఉప్పుడు నా సబ్జెక్టుపై నాకు చాలా ఉత్సాహం మరియు ఇష్టంగా ఉంది(),అందులో ఇప్పుడు నా సబ్జెక్టుపై నాకు చాలా ఉత్సాహం మరియు ఇష్టంగా ఉంది.,
అందులో క్వాంటం ఫిజిక్స్ అని ఒక సబ్జెక్టు చాలా నచ్చింది(),అందులో క్వాంటం ఫిజిక్స్ అని ఒక సబ్జెక్టు చాలా నచ్చింది.,
బాగా కూడా అవుతుంది(),బాగా కూడా అవుతుంది.,
ఒక ప్రాజెక్టు అందులో దొరికింది(),ఒక ప్రాజెక్టు అందులో దొరికింది.,
ఇలాగా కాలేజీ జీవితం నడిచింది(),ఇలాగ కాలేజీ జీవితం నడిచింది.,
ఇప్పటివరకు నేను నేర్చుకున్న విషయం ఏంటి అంటే అన్ని అనుకున్నంత చెడ్డగా ఉండవు(),ఇప్పటివరకు నేను నేర్చుకున్న విషయం ఏంటి అంటే అన్ని అనుకున్నంత చెడ్డగా ఉండవు.,
"ఆ పూటకి అలా అనిపించిన, తర్వాత తగ్గిపోత్తుంది()","ఆ పూటకి అలా అనిపించిన, తర్వాత తగ్గిపోతుంది.",
"మనకు ఎంత నచ్చిన విషయం అయిన లోతులోకి వేళ్లేసరికి నచ్చకపొవ్వచ్చు, అది సహజం()","మనకు ఎంత నచ్చిన విషయమైనా లోతులోకి వెళ్లేసరికి నచ్చకపోవచ్చు, అది సహజం.",
ఒక సబ్జెక్టులో ఇంట్రెస్ట్ ప్రేమ/చనువు వంటివి దొరకాలిసిన చోటే దొరుకుతాయి(),ఒక సబ్జెక్టులో ఇంట్రెస్ట్ ప్రేమ/చదువు వంటివి దొరకాల్సిన చోటే దొరుకుతాయి.,
ఆ చొటే కూడా ఉండే ఉంటుంది(),ఆ చోటు కూడా ఉండే ఉంటుంది.,
అందులో మొద్దటి చోట() మనమే వేరే దొరకన్నప్పుడు మనం చాలు వేరే దొరుకుతే మంచిది(),అందులో మొదటి చోట మనమే వేరే దొరకనప్పుడు మనం చాలు వేరే దొరికితే మంచిది.,
ప్రతి విషయం మనం ఎలా తిసుకుంటామో దాని భట్టే మన జీవితం నడుస్తుంది(),ప్రతి విషయం మనం ఎలా తీసుకుంటామో దాన్నిబట్టి మన జీవితం నడుస్తుంది.,
నా అనుభవం అన్ని మంచి/ చేడుని గునపాటంగా తీసుకోవాలి(),నా అనుభవం అన్ని మంచి చెడుని గుణపాఠంగా తీసుకోవాలి.,
అంటే నేను ఎప్పుడు అనుకునేవాడిని ఒక రహస్యం బయటకి వస్తే నేను అయిపోతా అని(),అంటే నేను ఎప్పుడూ అనుకునేవాడిని ఒక రహస్యం బయటకు వస్తే నేను అయిపోతానని.,
కానీ ఇప్పుడు అది ఒక విషయంమే కాదు(),కానీ ఇప్పుడు అది ఒక విషయమే కాదు.,
ఎప్పుడు అయితే మనం చేయ్యని తప్పుకి బయటపడినప్పుడు మనం ఒడిపోతం(),ఎప్పుడైతే మనం చేయని తప్పుకి బయపడినప్పుడు మనం ఓడిపోతాం.,
నాకు వ్యక్తిగతం ఒటమి నచ్చదు(),నాకు వ్యక్తిగతంగా ఓటమి నచ్చదు.,
"మొదట మహాభారతం గురించి తెలుసుకోవాలి అంటే, మనం దాని యొక్క గొప్పదనం గురించి తెలుగుకోవాలి, మనకి మహాభారతం ద్వారా ప్రయోజనాలు ఏంటో, మొదలైనవి.","మొదట మహాభారతం గురించి తెలుసుకోవాలంటే, మనం దాని యొక్క గొప్పదనం గురించి తెలుసుకోవాలి, మనకి మహాభారతం ద్వారా ప్రయోజనాలు ఏవో మొదలైనవి.",
"మహాభారతం వ్యాసుడు ద్వారా రాయబడినది, ఈయన మత్య్సగంధి అని పిలవబడిన ఆవిడ కొడుడు(భీష్ముడు వాళ్ళ సవతి తల్లి).","మహాభారతం వ్యాసుడు ద్వారా రచించబడింది, ఈయన మత్స్యగంధి అని పిలవబడిన ఆవిడ కుమారుడు (భీష్ముడు వాళ్ళ సవతి తల్లి).",
మహాభారతం లో లేనిది ఏంటి / ఏదైన ఈ ప్రపంచం లో ఉండదు అని చెబుతారు.,మహాభారతంలో లేనిది ఏది / ఏదైనా ఈ ప్రపంచంలో ఉండదు అని చెబుతారు.,
"మహాభారతం సోదరులు మధ్య యుద్ధమే కాదు, ఎన్నో పాఠాలు కూడా నేర్పిస్తుంది.","మహాభారతం సోదరుల మధ్య యుద్ధమే కాదు, ఎన్నో పాఠాలు కూడా నేర్పిస్తుంది.",
"ఆ పాఠాలు మనం రోజు జీవితం లో వాడుతాము, మన యొక్క ప్రగతికి కూడా పనికొస్తాయి.","ఆ పాఠాలు మనం రోజు జీవితం లో వాడుతాము, మన యొక్క ప్రగతికి కూడా పనికొస్తాయి.",
"18 రోజుల యుద్ధానికి చేరాలి అంటే, దాని యొక్క చరిత్ర మనం తెలుసుకోవాలి. ఆరభం, గంగా మరియు శాంతను రాజుతో మొదలైతుంది.","18 రోజుల యుద్ధానికి చేరాలి అంటే, దాని యొక్క చరిత్ర మనం తెలుసుకోవాలి. ఆరంభం గంగాా మరియు శాంతను రాజుతో మొదలవుతుంది.",
"ఒక రోజు శాంతను అని పేరు ఉన్న రాజు నది వడ్డున ఉంటాడు, ఆ సమయంలో ఒక అందమైన స్త్రీని చూసి, తనతో ప్రేమలో పడుతాడు, తనని పెళ్ళి చేసుకునే ఉద్దేశాంతో తన వద్దకు వెళ్తాడు.","ఒక రోజు శాంతను అనే పేరు ఉన్న రాజు నది ఒడ్డున ఉంటాడు. ఆ సమయంలో ఒక అందమైన స్త్రీని చూసి, తనతో ప్రేమలో పడతాడు, పెళ్లి చేసుకునే ఉద్దేశాంతో ఆమె వద్దకు వెళ్తాడు.",
"తన పేరే ""గంగా"", భూమి మీద తన యొక్క పని పూర్తి చేయడానికి వచ్చింది.","ఆమే పేరు ""గంగా"". భూమి మీద తన పని పూర్తి చేయడానికి వచ్చింది.",
"హస్తినాపురం యొక్క రాజు శాంతను, తనని పెళ్ళి చేసుకునేందుకు గంగా ఉప్పకుంటిది, కాని ఒక మాట మీదు.","హస్తినాపురం యొక్క రాజు శాంతను, తనని పెళ్లి చేసుకునేందుకు గంగా ఒప్పుకుంటుంది, కాని ఒక మాట మీద.",
"గంగా ఏం పని చేసిన, ఎందుకు చేస్తుంది అని అడగకూడదు.","గంగా ఏ పని చేసినా, ఎందుకు చేస్తుందో అని అడగకూడదు.",
శాంతను దానికి అంగీకరిస్తాడు.,శాంతను దానికి అంగీకరిస్తాడు.,
"వారి ఇద్దరు పెళ్ళి చేసుకుంటారు, వారికి సంతానం ప్రాప్తి లభిస్తుంది.","వారి ఇద్దరు పెళ్ళి చేసుకుంటారు, వారికి సంతానం లభిస్తుంది.",
గంగా ఆ బిడ్డని తీసుకొని నది లో వదిలేస్తుంది.,గంగా ఆ బిడ్డని తీసుకొని నది లో వదిలేస్తుంది.,
ఆ బిడ్డ మరణిస్తాదు.,ఆ బిడ్డ మరణిస్తాడు.,
"ఇది అంతే శాంతను చూసి దుఃఖిస్తాడు, కాని ఇచ్చిన మాట తప్పులేక ఏమి అడగడు.","ఇది అంతా శాంతను చూసి దుఃఖిస్తాడు, కాని ఇచ్చిన మాట తప్పలేక ఏమి అడగడు.",
"గంగా మరియు శాంతనుకు రెండవ బిడ్డ జన్మసారు, గంగా ఆ బిడ్డని కూడా నదిలో పడేస్తుది.","గంగా మరియు శాంతనుకు రెండవ బిడ్డ జన్మిస్తుంది, గంగా ఆ బిడ్డని కూడా నదిలో పడేస్తుంది.",
ఈ విధంగా గంగా ఏడు మంది పిల్లలని చంపేస్తుంది.,ఈ విధంగా గంగా ఏడు మంది పిల్లలను చంపేస్తుంది.,
"వారి యొక్క ఎనిమిదో సంతాన నా పడేసేటప్పడు, శాంతను గంగాని ఆపి ఏందుకు అని ఆడిగినప్పడు.","వారి యొక్క ఎనిమిదో సంతానాన్ని పడేసేటప్పుడు, శాంతను గంగాని ఆపి ఏందుకు అని అడిగినప్పుడు.",
"గంగా ఆయన మాట తప్పాడు అని చెప్పి, తన యొక్క కారణం చెబుతుంది.","గంగా ఆయన మాట తప్పాడని చెప్పి, తన యొక్క కారణం చెబుతుంది.",
"ఒక తప్పసు ని భంగం చేయడం వల్ల ఎనిమిది ఋషిల మీద శాపం పడింది అనేసి, ఆ మహర్షి వచ్చేసి వారు భూమి మీద మనిషిలా బతకాలి అనేసి శపిస్తాడు అనేసి, ఏడుగురు ఆయనని క్షమించి మని అడుగుతారు.","ఒక తపసును భంగం చేయడం వల్ల ఎనిమిది ఋషుల మీద శాపం పడింది అని, ఆ మహర్షి వచ్చి వారు భూమి మీద మనుషులా బతకాలిని అని శపించాడు అని, ఏడుగురు ఆయనను క్షమించమని అడుగుతారు.",
"ఒక్కడు మాత్రం ఏమి చెప్పడు, ఆ ఎనిమదో వాడే ఈ బిడ్డ అనేసి గంగా చెబుతుంది.","ఒక్కడు మాత్రం ఏమీ చెప్పలేదు, ఆ ఎనిమిదవ వాడే ఈ బిడ్డ అని గంగా చెబుతుంది.",
"తన పని భూమి మీద అయిపోయింది అనేసి, ఇప్పడు ఆ బాలకుడిని తను తీసుకోని వెల్లి, ఒక్క గొప్ప మనిషిని చేసి పంపిస్తుంది అనేసి మాటిస్తుందు.","తన పని భూమి మీద అయిపోయిందని,ఇప్పుడు ఆ బాలకుడిని తాను తీసుకుని వెళ్లి,ఒక గొప్ప మనిషిని చేసి పంపిస్తానని మాటిస్తుంది.",
"ఎన్నో రోజులు, నెలలు, వర్షాలు నడుస్తాయి, శాంతను తన యొక్క కొడుకు కోసం ఎదురు చూస్తుంటాడు.","ఎన్నో రోజులు, నెలలు, సంవత్సరాలు గడుస్తాయి, శాంతను తన కొడుకు కోసం ఎదురుచూస్తుంటాడు.",
"ఒక రోజు నది వడ్డున, ఆయనకి ఒక బాలకుడు కనిపిస్తాడు.",ఒక రోజు నది ఒడ్డున ఆయనకు ఒక బాలుడు కనిపిస్తాడు.,
"ఆ బాలకుడి వద్దకు వెళ్ళినప్పడు, ఆ బాలకుడు తన పేరు దేవ్రతుడు అనేసి, తను గంగా యొక్క కొడుకు అని చెబుతాడు.","ఆ బాలుడి వద్దకు వెళ్లినప్పుడు, అతను తన పేరు దేవవ్రతుడు అని, తాను గంగా యొక్క కొడుకు అని చెబుతాడు.",
"ఆనంతంతో శాంతను కొడుకుని కౌగలించుకుంటాడు, రాజ్యం అంతా ఆనందంతో సంభరాలు చేసుకుంటారు.","ఆనందంతో శాంతను తన కొడుకుని కౌగిలించుకుంటాడు, రాజ్యం అంతా ఆనందంతో సంబరాలు చేసుకుంటారు.",
తండ్రి దగ్గర కొడుకు ప్రశాంతంగా ఉంటాడు.,తండ్రి దగ్గర కొడుకు ప్రశాంతంగా ఉంటాడు.,
కొంత కాలం తర్వాత శాంతను రాజ్యంలో తిరుగుతున్నపుడు ఆయనకి ఇంకొక మహిళ కనిపిస్తుంది.,కొంత కాలం తర్వాత శాంతను రాజ్యంలో తిరుగుతున్నపుడు ఆయనకి ఇంకొక మహిళ కనిపిస్తుంది.,
ఆ యువతి వద్దకు ఆయన చేరుకొని పెళ్ళి గురించి చెబుతాడు.,ఆ యువతి వద్దకు ఆయన చేరుకొని పెళ్ళి గురించి చెబుతాడు.,
ఆ యువతి పేరే సత్యవతి (లేదా) మత్స్యగంధి .,ఆ యువతి పేరే సత్యవతి (లేదా) మత్స్యగంధి .,
"తను వచ్చేసి వాళ్ళ నాన్న గారిని అడగమని చెబుతుంది, తన నాన్న చేసుకునే అబ్బాయినే పెళ్ళి చేసుకుంటా అని చెప్తుంది (చెబుతుంది).","తను వచ్చేసి వాళ్ల నాన్నగారిని అడగమని చెబుతుంది, తన నాన్న ఎంచే అబ్బాయినే పెళ్లి చేసుకుంటానని చెబుతుంది.",
వారి నాన్న వద్దికి వెళ్ళినప్పడు ఆయన వచ్చేసి తన మనవుడినే రాజు లాగా నియమించాలి అనేసి శరతు పెడతాడు.,వారి నాన్న వద్దకు వెళ్లినప్పుడు ఆయన తన మనవడినే రాజుగా నియమించాలి అని షరతు పెడతాడు.,
"కొడుకు కి అన్యాయం చేయలేక, రాజ్యానికి తిరిగి వచ్చేస్తాడు.","కొడుకుకి అన్యాయం చేయలేక, రాజ్యానికి తిరిగి వస్తాడు.",
తండ్రిని బాధలో చూడలేని కొడుకు; మంత్రుల ద్వారా కారణం తెలుసుకుంటాడు.,తండ్రిని బాధలో చూడలేని కొడుకు మంత్రుల ద్వారా కారణం తెలుసుకుంటాడు.,తండ్రిని బాధలో చూడలేని కొడుకు మంత్రుల ద్వారా కారణం తెలుసుకుంటాడు.
"సత్యవతి వాళ్ళ నాన్న వద్దకు చేరుకొని, తన మనవుడే రాజు అవతాడు అని మాట ఇస్తాడు.","సత్యవతి వాళ్ల నాన్న వద్దకు చేరుకొని, తన మనవడే రాజు అవుతాడు అని మాట ఇస్తాడు.",
"అప్పుడు ఆయన ""నువ్వు/ మీరు రాజు పదవి గురించి అడగరు సరే కాని, మీ యొక్క సంతానం అడిగితే నా కూతిరి పరిస్థితి ఏంటి అని అడుగుతారు"", అప్పుడు దేవ్రతుడు నాలుగు దిక్కలని సాక్షిగా, పంచభూతాలు సాక్షిగా జీవితంలో పెళ్ళి చేసుకోడు అని మాట ఇస్తాడు.","అప్పుడు ఆయన ""నువ్వు/మీరు రాజు పదవి గురించి అడగరు, కాని మీ సంతానం అడిగితే నా కూతురి పరిస్థితి ఏమిటి అని అడుగుతారు"". అప్పుడు దేవ్రతుడు నాలుగు దిక్కులను సాక్షిగా, పంచభూతాలను సాక్షిగా జీవితంలో పెళ్లి చేసుకోనని మాట ఇస్తాడు.",
సత్యవతిని తీసుకొని నాన్న వద్దుకు వస్తాడు.,సత్యవతిని తీసుకొని నాన్న వద్దకు వస్తాడు.,
"కొడుకు యొక్క త్యాగం తెలుసుకున్న తండి, దేవ్రతుడు కి చావు ఎప్పడు కావాలంటే అప్పడు వస్తుంది అని చెబుతాడు.","కొడుకుయొక్క త్యాగం తెలుసుకున్న తండ్రి, దేవ్రతుడికి మరణం ఎప్పుడయినా కావాలనుకుంటే అప్పుడే వస్తుందని చెబుతాడు.",
"ఆ రోజు నుండి తనని ""భీష్మ"" అని పిలుస్తారు.","ఆ రోజు నుండి ఆయనను ""భీష్ముడు"" అని పిలుస్తారు.",
"మహాభారతం లో ఎన్నో కథలో ఇది ఒక్కటి, తండ్రి కొడుకు మధ్య ఉన్న భంధం తో వాటి ఎన్నో పాఠాలు నేర్పిస్తుంది, మహాభారతం.",మహాభారతంలో ఎన్నో కథలలో ఇది ఒక్కటి. తండ్రి-కొడుకు మధ్య ఉన్న బంధంతో ఎన్నో పాఠాలు నేర్పిస్తుంది.,
"ఆదికవి అని పిలవబడే కని ""వాల్మీకి"", ఆయన ద్వారా రచింపబడి నడి రామాయణం.","""ఆదికవి"" అని పిలవబడే కవి వాల్మీకి ద్వారా రచించబడినది రామాయణం.",
"అన్ని పురాణాలు నేర్పించేది జీవిత సత్యాలు మరియు నైతిక మూల్యాలు, రామాయణం కూడా మనకి అదే నేర్పిస్తుంది.",అన్ని పురాణాలు జీవన సత్యాలు మరియు నైతిక మూల్యాలను నేర్పిస్తాయి; రామాయణం కూడా మనకు అదే నేర్పిస్తుంది., రామాయణం కూడా మనకు అదే నేర్పిస్తుంది.
నారదుడు చెప్పిన గాత మూలంగా వాల్మీకి ద్వారా రచింపబడినది.,నారదుడు చెప్పిన గాథ మూలంగా వాల్మీకి ద్వారా రచింపబడినది.,
"ఈ గీత యొక్క వెనుక కథ ఏంటంటే, నది వడ్డున ఉన్న వాల్మీకి ఒక క్రౌంచ పక్షి జంటను చూస్తాడు, దానిని చూసి ప్రకృతిని అశ్వాధించే సమయంలో ఒక వేటగాడు ఆ జంట లో ఒక పక్షిని చంపేస్తాడు.","ఈ గాథ వెనుక కథ ఏంటంటే, నది ఒడ్డున వాల్మీకి ఒక క్రౌంచ పక్షి జంటను చూశాడు, దానిని ఆస్వాదిస్తున్న సమయంలో ఒక వేటగాడు ఆ జంటలో ఒక పక్షిని చంపేశాడు.",
"రెండవ పక్షిని చూసి, దాని బాధను ఆయన తట్టుకోలేకపోతాడు.","రెండవ పక్షిని చూసి, దాని బాధను ఆయన తట్టుకోలేకపోయాడు.",
"ఈ భూమి మీద, మనుషుల మీద ఆయనకి అసూయ వేస్తుంది.",ఈ భూమి మీద మనుషుల మీద ఆయనకు అసహనం కలిగింది.,
"అలా ఆవేదనలో ఉన్న సమయంలో ఆయనకి నారదుడు కనిపిస్తాడు, ఆయన ఆశ్రమానికి నారదుడి వచ్చి ఆయన దుఃఖం వెనుక కారణం అడుగుతాడు.","అలా ఆవేదనలో ఉన్న సమయంలో ఆయనకు నారదుడు కనిపించాడు, ఆయన ఆశ్రమానికి నారదుడు వచ్చి, ఆయన దుఃఖానికి కారణం ఏమిటో అడిగాడు.",
"అప్పడు వాల్మీకి తను చూసినది చెప్పి, భూమి మీద చెడు చేయని మంచి వ్యక్తి, శత్రువలకి కూడా పాఠాలు నేర్పించే వ్యక్తి, మంచి కొడుకు, సోదరడు, భర్త, ప్రజలని/ మనుషులని మంచిగా మాట్లాడిచ్చే వ్యక్తి, అన్యాయం చేయని వాడు ఉన్నాడ అనేసి అడుగుతాడు.","అప్పుడు వాల్మీకి తాను చూసినదాన్ని చెప్పి, భూమి మీద చెడు చేయని మంచి వ్యక్తి, శత్రువులకు కూడా పాఠాలు నేర్పే వ్యక్తి, మంచి కొడుకు, సోదరుడు, భర్త, ప్రజలతో/మనుషులతో మంచిగా మాట్లాడే వ్యక్తి, అన్యాయం చేయని వాడు ఉన్నాడా అని అడుగుతాడు.",
"దానికి నారదుడు నవ్వి, ఆ ఋషి కి శ్రీరామచంద్రుడి యొక్క జీవత గాథ చెబుతాడు.","దానికి నారదుడు నవ్వి, ఆ ఋషికి శ్రీరామచంద్రుడి జీవన గాథను చెబుతాడు.",
"పూర్వం భూమి మీద రాక్షసులు ఎక్కువ అయ్యి, మనిషులని చంపేసేవారు.","పూర్వం భూమి మీద రాక్షసులు ఎక్కువై, మనుషులను చంపేవారు.",
వారి యొక్క వనులు చూడలేని దేవతలు శ్రీమహావిష్ణువుని కలుస్తారు.,వారి అఘాయిత్యాలు తట్టుకోలేని దేవతలు శ్రీమహావిష్ణువును కలిశారు.,
"అక్కడ అన్ని రాక్షసులులలో అత్యంత శక్తివంతుడు, జ్ఞానం ఉన్నవాడు, కళలు మరియు పురాణాలు కంఠంలో ఉన్నవాడు మరియు ( శివుడి స్వయంగా వచ్చి కోరుక పూర్తిచేసాడు) శివుడి భక్తుడైన ""రావణుడి ""గురించి చెబుతారు.","అక్కడ అన్ని రాక్షసులలో అత్యంత శక్తివంతుడు, జ్ఞానం కలవాడు, కళలు మరియు పురాణాలలో పాండిత్యం ఉన్నవాడు, శివుడి స్వయంగా ఇచ్చిన వరప్రసాదం పొందిన శివభక్తుడు ""రావణుడు"" గురించి చెప్పారు.",
"మనందరికి తెలిసినదే భూమి మీద చెడు ఎప్పడైతే పెరుగుపోతుందో, ఆ సమయంలో విష్ణువు స్వయంగా వచ్చి చెడుని నాశనం చేసి, మంచిని గెలిపిస్తాడు అనేసి.","మనందరికి తెలిసినదే, భూమి మీద చెడు ఎప్పుడైతే పెరుగుతుందో, ఆ సమయంలో విష్ణువు స్వయంగా వచ్చి చెడును నాశనం చేసి, మంచిని గెలిపిస్తాడు అని.",
ఇదంతా తెలుసుకున్న శ్రీమహావిష్ణువు ఆయన భూమి మీదకి వెళ్ళ రావణుడిని చంపేస్తాడు అని చెబుతాడు.,ఇదంతా తెలుసుకున్న శ్రీమహావిష్ణువు భూమి మీదకు వెళ్ళి రావణుడిని సంహరిస్తాడు అని చెప్పారు.,
"సూర్యవంశానికి చెందిన రాజ దశరతుడు, ఆయనికి ముగ్గరు భార్యలు- కౌసల్య, సుమిత్ర, కైకేయి.","సూర్యవంశానికి చెందిన రాజు దశరథుడు, ఆయనకు ముగ్గురు భార్యలు – కౌసల్య, సుమిత్ర, కైకేయి.",
"వీరికి పెళ్ళి అయ్యి కొద్ది కాలం అయ్యింది, అయిన సంతానం లేదు, దానికి దశరతుడు మంత్రి మరియు ఋషుల సూచన మీద యజ్ఞం చేస్తాడు.","వీరికి పెళ్లి అయ్యి కొద్దికాలం అయింది, కానీ సంతానం లేదు. అందుకు దశరథుడు మంత్రి మరియు ఋషుల సూచనతో యజ్ఞం చేస్తాడు.",
దాని నుండు వచ్చిన పసాదాని ముగ్గరి భార్యలకి పంచుతాడు.,దాని నుండి వచ్చిన ప్రసాదాన్ని ముగ్గురు భార్యలకు పంచుతాడు.,
"కొన్ని మాసాల తర్వాత ""చైత్రశుద్ధినవిమి” రోజున శ్రీరాముడు జన్నిస్తాడు.","కొన్ని మాసాల తర్వాత ""చైత్ర శుద్ధి నవమి” రోజున శ్రీరాముడు జన్మిస్తాడు.",
అయోధ్యలో ప్రజలు రాకుమారుడు మొక్క జన్మము సంభరంగా చేసుకుంటారు.,అయోధ్యలో ప్రజలు రాకుమారుని జననం సంబరంగా చేసుకుంటారు.,
"దశమి నాడు రాముడి యొక్క సోదరులు - లక్ష్మణుడు (సుమిత్ర ద్వారా), భరతుడు (కైకేయి ద్వారా), క్షత్రజ్ఞడు (సుమిత్ర ద్వారా) జన్మిస్తారు.","దశమి నాడు రాముడి సోదరులు – లక్ష్మణుడు (సుమిత్ర ద్వారా), భరతుడు (కైకేయి ద్వారా), శత్రుఘ్నుడు (సుమిత్ర ద్వారా) జన్మిస్తారు.",
రాజ్యం అంతా ఆనందంతో ఉంటుంది.,రాజ్యం అంతా ఆనందంతో నిండిపోతుంది.,
సమయం నడుస్తుంది.,సమయం గడుస్తుంది.,
రామలక్ష్మ - భరత- క్షత్రజ్ఞలు ఇప్పడు పెద్దగా అయ్యారు.,"రామ, లక్ష్మణ, భరత, శత్రుఘ్నులు ఇప్పుడు పెద్దవారు అయ్యారు.",
దశరతుడి యొక్క రాజ్యానికి మహర్ర్షి విశ్వామిత్రుడు వస్తాడు.,దశరథుడి రాజ్యానికి మహర్షి విశ్వామిత్రుడు వస్తాడు.,
"ఆయన వచ్చేసి పక్కన ఉన్న ప్రాతంలో తాటకి, మారిచి- సుబాహములు అక్కడ తప్పన్సు మరియు పూజలు చేసే ఋషలని చంపేసి, విద్వంశం చేస్తున్నారు అని చెబుతాడు.","ఆయన వచ్చి పక్కన ఉన్న ప్రాంగణంలో తాటకి, మారీచి, సుబాహులు అక్కడ తపస్సు మరియు పూజలు చేసే ఋషులను చంపి, విధ్వంసం చేస్తున్నారు అని చెబుతాడు.",
వారిని చంపడానికి తన యొక్క సంతానం అయిన రాముడు మరియు లక్ష్మణుడు కావాలి అని చెప్తాడు.,వారిని చంపడానికి తన సంతానం అయిన రాముడు మరియు లక్ష్మణుడు కావాలి అని చెప్తాడు.,
మనస్సులో కొడుకుల మీద ప్రేమ ఉన్న మహర్షికి ఎదురు చెప్పకూడదు అనేసి తన ఇద్దరి కొడుకులని పంపిస్తాడు.,మనస్సులో కొడుకుల మీద ప్రేమ ఉన్నా మహర్షికి ఎదురు చెప్పకూడదని తన ఇద్దరు కొడుకులను పంపిస్తాడు.,
విశ్వామిత్రుడి తో కలిసి ఇద్దరు సోదరలు వారి యొక్క యాత్రను మొదులు పెడతారు.,విశ్వామిత్రుడితో కలిసి ఇద్దరు సోదరులు వారి యాత్రను మొదలుపెడతారు.,
వారి యొక్క ప్రయాణం ఎన్నో పాఠాలను నేర్చుకుంటారు.,వారి ప్రయాణంలో ఎన్నో పాఠాలను నేర్చుకుంటారు.,
వారికి ఆకలి మరియు దప్పిక అవ్వకూడదు అనేసి మహర్షి విశ్వామిత్ర కొన్ని మంత్రాలని జెపించి: దీవిస్తాడు.,వారికి ఆకలి మరియు దప్పిక అవ్వకూడదని మహర్షి విశ్వామిత్ర కొన్ని మంత్రాలు జపించి దీవిస్తాడు.,
"ఆ పమాణం లో వారు ఆ రెండిటి రాక్షసులని చంపేసి, వారి యాత్రలో మితిలా నగరానికి చేరుతారు.","ఆ పరిమాణంలో వారు ఆ రెండు రాక్షసులను చంపి, వారి యాత్రలో మిథిలా నగరానికి చేరుతారు.",
అక్కడ సీత యొక్క స్వయంవరం కి హాజరు అవుతారు.,అక్కడ సీత స్వయంవరానికి హాజరు అవుతారు.,
అక్కడికి ఎంతో మంది రాజులు మరియు ఋషులు హాజరు అయ్యారు.,అక్కడికి ఎంతో మంది రాజులు మరియు ఋషులు హాజరయ్యారు.,
రావణుడు కూడా సీతను పెళ్ళి చేసుకోడానికి హజరు అయ్యాడు.,రావణుడు కూడా సీతను పెళ్లి చేసుకోవడానికి హాజరయ్యాడు.,
సీతను పెళ్ళి చేసుకోవాలి అంటే అక్కడ ఉన్న శివ ధనస్సు దారాని జోడించాలి .,సీతను పెళ్లి చేసుకోవాలంటే అక్కడ ఉన్న శివధనస్సు ధారాన్ని జోడించాలి.,
ఎంతో మంది ఋషులు మరియు రాజులు ప్రయత్నిస్తారు కాని వారి వల్ల అవ్వదు.,ఎంతో మంది ఋషులు మరియు రాజులు ప్రయత్నిస్తారు కాని వారి వల్ల అవ్వదు.,
విశ్వామిత్రుడు రాముడిని వెళ్ళి ప్రయత్నించ మంటాడు.,విశ్వామిత్రుడు రాముడిని వెళ్లి ప్రయత్నించమని అంటాడు.,
రాముడు సులభంగా ధారాని కడుతాడు.,రాముడు సులభంగా ధారాన్ని కడతాడు.,
రావణుడు కోపంతో అక్కడ నుండి వెళిపోతాడు.,రావణుడు కోపంతో అక్కడి నుండి వెళ్లిపోతాడు.,
సీతను రాముడు పెళ్ళిచేసుకొని తన యొక్క రాజ్యం అయిన అయోధ్యాకి తీసుకొని వెళుతాడు.,సీతను రాముడు పెళ్లి చేసుకొని తన రాజ్యం అయిన అయోధ్యకు తీసుకువెళుతాడు.,
"సీత యొక్క సోదిరాలని, రాముడు యొక్క సోదరులు పెళ్ళి చేసుకుంటారు.",సీత సోదరీమణులను రాముడి సోదరులు పెళ్లి చేసుకుంటారు.,
"పర్యావరణం మరియు మనము (మనుషులు) ని వేరు చేసి చూడలేము, ఎందుకంటే ఈ రెండు కూడ ఒకే దారి లో ఒకటి మమేకం అయినటువంటి అంశాలు.","పర్యావరణం మరియు మనము (మానవులు) ని వేరు చేసి చూడలేము, ఎందుకంటే ఈ రెండు కూడా ఒకే దారిలో ఒకటిగా మమేకం అయినటువంటి అంశాలు.",
పుట్టినప్పటి నుంచి మనకు తెలయకుండానే మనము ఎన్నో విషయాలను పర్యావరణం నుంచి నేర్చుకోవడం జరుగుతుంది.,పుట్టినప్పటి నుంచి మనకు తెలయకుండానే మనము ఎన్నో విషయాలను పర్యావరణం నుంచి నేర్చుకోవడం జరుగుతుంది.,
"ఒకే వ్యక్తి మొక్క శారీరిక, మానిసిక, మరియు వృత్తి పరమైన అభివృద్ది కి ఒక అనుకూల పర్యావరణం ముఖ్యమైన పాత్ర పోషిచడం జరుగుతుంది.","ఒకే వ్యక్తి యొక్క శారీరక, మానసిక, మరియు వృత్తి పరమైన అభివృద్ధికి ఒక అనుకూల పర్యావరణం ముఖ్యమైన పాత్ర పోషించడం జరుగుతుంది.",
"ఉదాహరణకు, చిన్నప్పడు మన చుట్టు ఉందేటటువంటి వృక్షాలు, జంతువులు, పక్షులు, నీరు, మరి ముఖ్యంగా మనుషులు పిల్లలయొక్క అభివృద్ది ముఖ్యంగా వారి యొక్క సామజిక భాధ్యతను వారిలో నెలకోల్పడం లో పర్యావరణం ముఖ్య భూమిక పోషించడం జరుగుతుంది.","ఉదాహరణకు, చిన్నప్పుడు మన చుట్టూ ఉందేటటువంటి వృక్షాలు, జంతువులు, పక్షులు, నీరు, మరి ముఖ్యంగా మనుషులు పిల్లల యొక్క అభివృద్ధి, ముఖ్యంగా వారి యొక్క సామాజిక బాధ్యతను వారిలో నెలకొల్పడం లో పర్యావరణం ముఖ్య భూమిక పోషించడం జరుగుతుంది.",
"అలాగే, చదువుకునేసమయంలో ముఖ్యంగా ఉన్నత చదువులు లో ఒక అనుకూల వాతవరణం విధ్యార్దుల ఆలోచనలను పొదును పెట్టడంలో మరిము వారికి ఉన్న అంశాన్ని అందిపుచ్చుకోవడం లో పర్యావరణం పాత్ర చాలా ముఖ్యం.","అలాగే, చదువుకునే సమయంలో, ముఖ్యంగా ఉన్నత చదువులలో, ఒక అనుకూల వాతావరణం విద్యార్థుల ఆలోచనలను పొదును పెట్టడంలో మరియు వారికి ఉన్న అంశాన్ని అందిపుచ్చుకోవడం పర్యావరణం పాత్ర చాలా ముఖ్యం.",
వీటి తో పాటు సమాజం లో వ్యక్తుల సంతోషం అనే అంశాన్ని పరిశిలించినపుడు వాతావరణం దాని ప్రభావం ఎమిటి అనేది చాలా పత్రికలలో రుజువు చేయడం జరిగింది.,"వీటితో పాటు, సమాజంలో వ్యక్తుల సంతోషం అనే అంశాన్ని పరిశీలించినప్పుడు వాతావరణ ప్రభావం ఏమిటో అనేది చాలా పత్రికల్లో రుజువు చేయబడింది.",
"ఇప్పటి వరకు పర్యావరణం మొక్క ఉపయోగాలు తెలియజేయడం జరిగించి, కాని మన ప్రవర్తణ పర్యావరణం పై ప్రభావం చూపుతుందో కోంత వివరిస్తాను.","ఇప్పటి వరకు పర్యావరణం యొక్క ఉపయోగాలు తెలియజేయడం జరిగింది, కాని మన ప్రవర్తన పర్యావరణంపై ఎలాంటి ప్రభావం చూపుతుందో కొంత వివరిస్తాను.",
దీనిని మనము ఆర్ధిక అభివృద్ది కలుపుతు వివరిచడం కోంత ముఖ్యము.,దీనిని మనము ఆర్థిక అభివృద్ధితో కలిపి వివరిచడం కొంత ముఖ్యము.,
మొదటి మరియు రెండవ ఇండస్ట్రియల్ రెవల్యూషన్ కారణంగా చాలా దేశాలు వాతావరణం ను చాలావరకు విడదీసి చూడడం జరిగింది.,మొదటి మరియు రెండవ ఇండస్ట్రియల్ రెవల్యూషన్ కారణంగా చాలా దేశాలు వాతావరణాన్ని చాలావరకు విడదీసి చూడడం జరిగింది.,
"ఈ విభజనే అతి ముఖ్యంగా, డెవలప్ జరుగుతున్న మరిము తర్ట్ వరల్లో దేశలలో క్లియర్ గా కనిపిస్తుంది.",ఈ విభజనే ముఖ్యంగా డెవలప్ అవుతున్న మూడవ ప్రపంచ దేశాలలో క్లియర్ గా కనిపిస్తుంది.,
"ఉదాహరణకు, ఆసియా దేశాలను చూసుకుంటే, ముఖ్యంగా బాంగ్లదేశ్, బట్టల పరిశ్రమను ప్రోత్సహించడం లో నిమగ్నం అయ్యి, పర్యావరణన్ని గాలికి వదిలేయడం జరిగింది.","ఉదాహరణకు, ఆసియా దేశాలను తీసుకుంటే, ముఖ్యంగా బంగ్లాదేశ్‌లో, బట్టల పరిశ్రమను ప్రోత్సహించడంలో నిమగ్నమై, పర్యావరణాన్ని గాలికి వదిలేయడం జరిగింది.",
"అదేవిధంగా, భారత దేశంలో పార్మటికల్ పరిశ్రమలు మరిము లెదర్ పరిశ్రములు విషయంలో పర్యావరణ సమతులతలను చాలా వరకు వదిలి వేయడం జరిగింది.","అదేవిధంగా, భారతదేశంలో ఫార్మాస్యూటికల్ పరిశ్రమలు మరియు లెదర్ పరిశ్రమల విషయంలో పర్యావరణ సమతుల్యాన్ని చాలా వరకు వదిలి వేయడం జరిగింది.",
ఈ విషయాలు మనకు కేవలం వాటి ప్రభావం ఎక్కువ అయినపుడు మాత్రమే అవగాహణ కలుగుతుంది.,ఈ విషయాలు మనకు కేవలం వాటి ప్రభావం ఎక్కువ అయినపుడు మాత్రమే అవగాహన కలుగుతుంది.,
"ఇది గంగా నది కావచ్చు, ఎయిల్ క్వాలిటి ఇందెక్స్ కావచ్చు, వర్షలు రాక పోవడం కావచ్చు.","ఇది గంగాా నది కావచ్చు, ఎయిర్ క్వాలిటీ ఇండెక్స్ కావచ్చు, వర్షాలు రాకపోవడం కావచ్చు.",
ఈ విషయం లో కేవలం ప్రభుత్వాలనే మనము తప్ప పట్ట లేము.,ఈ విషయంలో కేవలం ప్రభుత్వాలనే మనము తప్పుపట్టలేము.,
"ఎందుకంటే, వాతవరణం దానిని కాపాడవలిసిన భాద్యత అందరి పైన ఉంది.","ఎందుకంటే, వాతావరణాన్ని కాపాడే బాధ్యత అందరి పైన ఉంది.",
"ఒక ముఖ్య సమస్య మనము చూసి నట్లయితే, ఒక అపోహ ఎమిటనగా ఆర్దిక అభివృద్ది కేవలం పర్యవరణాన్ని క్షిణింపచేయడం వలన జరుగుతుంది అని .","ఒక ముఖ్య సమస్య మనము చూసినట్లైతే, ఒక అపోహ ఏమిటంటే ఆర్థిక అభివృద్ధి కేవలం పర్యావరణాన్ని క్షీణింపచేయడం వలన జరుగుతుంది అని.",
కాని చాలా డెవలప్ డ్ దేశాలు ఈ రెండు అంశాలను సమాతులంగా చూస్తున్నాయి.,కానీ చాలా డెవలప్‌డ్ దేశాలు ఈ రెండు అంశాలను సమతులంగా చూస్తున్నాయి.,
ఇక్కడ కొన్ని సామజిక మరియు కల్చరల్ అంశాలు చర్చించడం చాలా ముఖ్యం.,ఇక్కడ కొన్ని సామాజిక మరియు కల్చరల్ అంశాలు చర్చించడం చాలా ముఖ్యం.,
"ఒకటి, సామాచిక (పర్యావరణ) అవగాహణ, మరిము దారిద్ర్యము, ఎ సమాజం లో అయిన కనిస సదుసాయాలు మరియు సంపాదన లేనపుడు, పర్యావరణం గురించి ఆలోచించడుం చాలా కష్టం.","ఒకటి, సామాజిక (పర్యావరణ) అవగాహన, అలాగే దారిద్ర్యం, ఏ సమాజం లో అయినా కనీస సదుపాయాలు మరియు సంపాదన లేనప్పుడు, పర్యావరణం గురించి ఆలోచించడం చాలా కష్టం.",
మన లాంటి దేశం లో జరుగుతుంది అదే అని చెప్పడం లో సందేహం ఎ మాత్రము లేదు.,మనలాంటి దేశంలో అదే జరుగుతుందని చెప్పడంలో సందేహం ఏమాత్రం లేదు.,
ఇలా చుసినపుడు ఒక వ్యక్తి కాదు ఒక వ్యవస్థ దాని ప్రభావం.రెండు కూడ కలిపి చూడ వలసిన భాద్యత మన పైన వుంది,"ఇలా చూసినప్పుడు ఒక వ్యక్తి కాదు, ఒక వ్యవస్థ కూడా దాని ప్రభావం చూపుతుంది. రెండు కూడ కలిపి చూడవలసిన బాధ్యత మనపై ఉంది.",
చాలా దేశాలు ఈ రెండు అభివృద్ది మరియు పర్యావరణ నమకూలత ను వేరుగా చూడడం వలన క్రింద చెప్పిన పర్యాన సానులు ఎదుర్కుంటున్నారు.,చాలా దేశాలు ఈ రెండు అభివృద్ధి మరియు పర్యావరణ సమకూలతను వేరుగా చూడడం వలన క్రింద చెప్పిన పరినామాలను ఎదుర్కొంటున్నాయి.,
"ఉష్ణోగ్రతల పెరగడం, ప్లాస్టిక్ వ్యేస్ట్ పెరగడం, వాయు మరియు నీటి కాలుష్యం, నేల కలుషితం","ఉష్ణోగ్రతలు పెరగడం, ప్లాస్టిక్ వెస్ట్ పెరగడం, వాయు మరియు నీటి కాలుష్యం, నేల కలుషితం.",
ఈ విదంగా చెప్పకుంటు పోతే ఎన్నో ఉన్నాయి.,ఈ విధంగా చెప్పుకుంటూ పోతే ఎన్నో ఉన్నాయి.,
"దీనికి బక వ్యక్తి, నేను మీరు అందరము కారణమే.","దీనికి ప్రతి వ్యక్తి, నేను మీరు అందరం కారణమే.",
"మరి ఈ విధంగా ముందుకు పోతే పరిస్థితి ఎమిటి, పర్యావరణ భాత్యత ఎవరు తీసుకుంటారు, మరి ముఖ్యంగా డెవలపింగ్ దేశాలలో.","మరి ఈ విధంగా ముందుకు పోతే పరిస్థితి ఏమిటి, పర్యావరణ బాధ్యత ఎవరు తీసుకుంటారు, మరి ముఖ్యంగా డెవలపింగ్ దేశాలలో?",
ఇక్కడ కొన్ని సలహలు మరిము సూచనలు నా అమభం నుంచి మరియు కొన్ని దేశాల నుంచి సూచిచడం జరుగుతుంది.,ఇక్కడ కొన్ని సలహాలు మరియు సూచనలు నా అనుభవం నుంచి మరియు కొన్ని దేశాల నుంచి సూచించడం జరుగుతుంది.,
"చిన్నప్పటి నుంచి పర్యావరణం యొక్క ప్రాముఖ్యత , ముఖ్యంగా ప్రస్తుత పరిస్థితుల పై అన్ని తరగుతుల లో ఒక కొర్సు గా ఉంచడం ముఖ్యం, ఇది పర్యావరణ అవగాహణ పెంచుతుంది","చిన్నప్పటి నుంచి పర్యావరణం యొక్క ప్రాముఖ్యత, ముఖ్యంగా ప్రస్తుత పరిస్థితులపై అన్ని తరగతులలో ఒక కోర్సుగా ఉంచడం ముఖ్యం, ఇది పర్యావరణ అవగాహన పెంచుతుంది.",
"ఎవరయి తే చదువు కు దూరంగా ఉన్నా రో, ప్రభుత్వాలు వారి విషయం లో కొంత పోలసీలు ద్వారా అహగాహణ మరియు ఎడ్యుకేషణ్ అందించడం ముఖ్యం.","ఎవరైతే చదువుకు దూరంగా ఉన్నారో, ప్రభుత్వాలు వారి విషయంలో కొంత పాలసీల ద్వారా అవగాహన మరియు ఎడ్యుకేషన్ అందించడం ముఖ్యం.",
ప్రభుత్వాలు కేవలం ఆర్థిక అభివృద్దే కాకుండ సమాజం మరియు పర్యావరణ సమకూలిత గోల్స్ మీద మరియు వాటి ఇందికేటర్స్ మీద దృష్టి సాదించాలి.,ప్రభుత్వాలు కేవలం ఆర్థిక అభివృద్ధే కాకుండా సమాజం మరియు పర్యావరణ సమకూలిత గోల్స్ మీద మరియు వాటి ఇండికేటర్స్ మీద దృష్టి సారించాలి.,
"అదే విదంగా ఇప్పటి వరకు జరిగిన ఆర్థిక అభివుద్దిని ప్రక్కన పెట్టె, పర్యావరణ అభివృద్ది గురించి కూడ పత్రికలు, మీదియ , పార్లమెంటరీ చర్చల్లో ప్రాధాన్యం కల్పించాలి.","అదే విధంగా ఇప్పటి వరకు జరిగిన ఆర్థిక అభివృద్ధిని ప్రక్కన పెట్టి, పర్యావరణ అభివృద్ధి గురించి కూడా పత్రికలు, మీడియా, పార్లమెంటరీ చర్చల్లో ప్రాధాన్యం కల్పించాలి.",
యునివర్సిటీలలో పర్యావరణ అభివృద్ధి అంశాల పై రీసర్చ్ ని ప్రోత్స హించడం చాలా ముఖ్యం,యూనివర్సిటీలలో పర్యావరణ అభివృద్ధి అంశాలపై రీసెర్చ్ ని ప్రోత్సహించడం చాలా ముఖ్యం.,
అలాగే వ్యక్తిత్వ వికాసం మరియు వినియోగం అంశాలను విడదీసి వాటి ప్రాముఖ్యతలను ప్రభుత్వాలు వివరింపచేయాలి,అలాగే వ్యక్తిత్వ వికాసం మరియు వినియోగ అంశాలను విడదీసి వాటి ప్రాముఖ్యతను ప్రభుత్వాలు వివరించాలి.,
ప్రభుత్వాలు ఎప్పటి కప్పడు పర్యావరణ అంశాలపై రిపోర్టులు ఇచ్చి కేంద) మరియు రాష్ట) అంశాలపై భహిరంగంగాా చర్చించాలి.,ప్రభుత్వాలు ఎప్పటికప్పుడు పర్యావరణ అంశాలపై రిపోర్టులు ఇచ్చి కేంద్ర మరియు రాష్ట్ర అంశాలపై బహిరంగంగాా చర్చించాలి,
"అలాగే ప్రభుత్వాలు పర్యావరణ సవకూలతకు ఎక్కువ మొత్తంలో డబ్బును కేటాయించాలి, అలాగే వ్యవస్ధి కృత ఎకౌంటబిలిటిని సుస్థిరపరచాలి.","అలాగే ప్రభుత్వాలు పర్యావరణ సమకూలతకు ఎక్కువ మొత్తంలో డబ్బును కేటాయించాలి, అలాగే వ్యవస్థీకృత అకౌంటబిలిటిని సుస్థిరపరచాలి",
అలాగే ప్రభుత్వ అనుభంద సంస్థల ద్వార పౌరులను పర్యావరణ సమకూతి కార్యక్రమా లతో పాల్గొనేలా చేయదం చాలా ముఖ్యము.,అలాగే ప్రభుత్వ అనుబంధ సంస్థల ద్వారా పౌరులను పర్యావరణ సమకూలత కార్యక్రమాలతో పాల్గొనేలా చేయడం చాలా ముఖ్యం,
"చివరగా చెప్ప దలుచుకన్నది ఎమిటంటే, పర్యావరణం మనుకు ఎన్నో అవకా సలను కల్పించింది ఎదగడం మరియు సంతోషం కోసం.","చివరగా చెప్పదలచుకున్నది ఏమిటంటే, పర్యావరణం మనకు ఎన్నో అవకాశాలను కల్పించింది ఎదగడం మరియు సంతోషం కోసం.",
మనమందరం వ్యక్తుల నుంచి వ్యవస్థల వరకు ఒక బాధ్యత గా తీసుకోవడం చాల ముఖ్యం.,మనమందరం వ్యక్తుల నుంచి వ్యవస్థల వరకు ఒక బాధ్యతగా తీసుకోవడం చాలా ముఖ్యం.,
"ఇది కేవలం మను సంతోషం అభివృద్ది కోసమె కాదు, రాబోయె తరాలు పర్యావరణ ప్రాముఖ్య త మరియు దాని సదుపాయాలు అనుభవించగలరు, ఇంది అందరి భాద్యత.","ఇది కేవలం మన సంతోషం అభివృద్ధి కోసమే కాదు, రాబోయే తరాలు పర్యావరణ ప్రాముఖ్యత మరియు దాని సదుపాయాలు అనుభవించగలరు, ఇది అందరి బాధ్యత.",
రామాయణం వాల్మికిచే రాయభడింది. ఇది రాముని యొక్క జీవిత కథ.,రామాయణం వాల్మికిచే రాయబడింది. ఇది రాముని జీవిత కథ.,
"దీనిలో రాముని పుట్టుక నుండి మొదలుకోని, రాముని యొక్క జీవితం మేత్తం రాయడం జరిగింది.","దీనిలో రాముని పుట్టుక నుండి మొదలుకొని, రాముని జీవితం మొత్తం రాయడం జరిగింది.",
రాముడు విష్ణువు యెక్క అవతారం. దశరద మహరాజుకు నలుగురు కుమారులు.,రాముడు విష్ణువు యొక్క అవతారం. దశరథ మహారాజుకు నలుగురు కుమారులు.,
"అందులో పెద్దవాడు రాముడు తరువాత లక్ష్మనుడు, భరతుట మరియు శత్రషుడు .","అందులో పెద్దవాడు రాముడు, తరువాత లక్ష్మణుడు, భరతుడు మరియు శత్రుఘ్నుడు.",
రామయణంలో నుంచి మనిషికి కావలసిన అని లక్షణాలు రాముడు నుంచి నెర్చుకోవచు.,రామాయణం నుంచి మనిషికి కావలసిన అన్నీ లక్షణాలు రాముడు నుండి నేర్చుకోవచ్చు.,
"దీనిలో తల్లిదండ్రులను ఎలా గోరవించాలి, వారి మాటను ఎలా పాటించాలి అని తెలుసుకుంటాం.","దీనిలో తల్లిదండ్రులను ఎలా గౌరవించాలి, వారి మాటను ఎలా పాటించాలి అని తెలుసుకుంటాం.",
రాముడు యొక్క భార్య సీతా దేవి. దీనిలో సీతా దేవితో తప్పగా ప్రవర్తించి. అపహరించి నందుకు రావణుని సంహరించాడు రాముడు.,"రాముని భార్య సీతా దేవి. దీనిలో సీతా దేవితో తప్పుగా ప్రవర్తించి, అపహరించినందుకు రావణుని సంహరించాడు రాముడు.",
దీనినుంచు ఆడవారిలో ఏలా ప్రవర్తించాలి అన్న విషయం తెలుసుకుంటాం.,దీనినుంచి ఆడవారితో ఎలా ప్రవర్తించాలి అన్న విషయం తెలుసుకుంటాం.,
రామయణం ఏపటికి మనావాలికి ఒక మార్గదర్శకంగా ఉంటుంది.,రామాయణం ఎప్పటికీ మనకి ఒక మార్గదర్శకంగా ఉంటుంది.,
రామయణం వివిధ భాషలలో లికించ భడింది.,రామాయణం వివిధ భాషలలో లిఖించబడింది.,
ఈ మహ గ్రంధంలో చెప్పిన ప్రతి మాట మానవాలికి ఏంతో మంచిని నెరుప్పుతుంది.,ఈ మహాగ్రంధంలో చెప్పిన ప్రతి మాట మనకి ఎంతో మంచిని నేర్పుతుంది.,
"రాముని పరాక్రమం, దర్శం, రాజనీలి మరియు ఏన్నొ విషయాలు తేలునుకోని నేర్చుకోవచ్చు.","రాముని పరాక్రమం, ధర్మం, రాజనీతి మరియు ఎన్నో విషయాలు తెలుసుకొని నేర్చుకోవచ్చు.",
మహాభారతంలో నాకు ఇష్టమైన పాత్ర అర్జునుడు.,మహాభారతంలో నాకు ఇష్టమైన పాత్ర అర్జునుడు.,
అర్జునుడు పాండురాజు మరియు కుంత్తి దేవులా సంతానం.,అర్జునుడు పాండురాజు మరియు కుంతి దేవి సంతానం.,
"అర్జునుడు యెక్క అన్నదములు దర్మరాజు, భీముడు నకులుడు మరియు శహదేవుడు.","అర్జునుడి అన్నదమ్ములు ధర్మరాజు, భీముడు, నకులుడు మరియు సహదేవుడు.",
వీరి ఇదుగురిని కలిపి పంచ పాండవులు అంటారు.,వీరి ఐదుగురిని కలిపి పంచ పాండవులు అంటారు.,
అర్జునుడు దనురవిద్యలో ప్ప్రాముక్యుడు.,అర్జునుడు ధనుర్విద్యలో ప్రధానుడు.,
అర్జునుడిని సవ్యసాచి అని పిలుస్రారు.,అర్జునుడిని సవ్యసాచి అని పిలుస్తారు,
అంటే రేండు చేతులతో ఒకేలా దనురవిద్యను ప్రదర్శశించ గలడు.,అంటే రెండు చేతులతో ఒకేలా ధనుర్విద్యను ప్రదర్శించగలడు.,
అర్జునుడి గురువు పేరు ద్రోణచార్యుడు.,అర్జునుడి గురువు పేరు ద్రోణాచార్యుడు.,
వీరి దగ్గరే అని విద్యలను నేర్చుకునాడు.,వీరి దగ్గరే అన్ని విద్యలను నేర్చుకున్నాడు.,
దర్శం తపుని వాడు మరియు పెద్దల మాటకు గోరవం ఇచ్చెవాడు అర్జునుడ.,ధర్మం తప్పని వాడు మరియు పెద్దల మాటకు గౌరవం ఇచ్చేవాడు అర్జునుడు.,
అర్జునుడుకి ఇద్దరు భార్యలు ద్రోపది మరియు శుబద్ర.,అర్జునుడికి ఇద్దరు భార్యలు ద్రౌపది మరియు సుభద్ర.,
అర్జునుడి పుత్రుడు అయన అభిమన్యుడు కూడా మహా వీరుడు.,అర్జునుడి పుత్రుడు అయిన అభిమన్యుడు కూడా మహా వీరుడు.,
విష్ణుమూర్తి అవతారం అయన శ్రీక్రిష్టుడు అర్జునుడికి రధశారదిగా ఉండి కురుక్షేత్రం యుధంలో అర్జునుడిని దర్శం వేపు నడిపించాడు.,విష్ణుమూర్తి అవతారం అయిన శ్రీకృష్ణుడు అర్జునుడికి రథసారథిగా ఉండి కురుక్షేత్ర యుద్ధంలో అర్జునుడిని ధర్మం వైపు నడిపించాడు.,
కురుక్షేత్ర యుధంలో ఎంతో మంది గోప్ప విరులలో పోరాడి గేలిచాడు.,కురుక్షేత్ర యుద్ధంలో ఎంతో మంది గొప్ప వీరులతో పోరాడి గెలిచాడు.,
"మహావీరులు అయన భీషముడు, ద్రోణాచార్యడు, కర్ణుడు లాంటి వారితో పోరాడి గేలిచాడు.","మహావీరులు అయిన భీష్ముడు, ద్రోణాచార్యుడు, కర్ణుడు లాంటి వారితో పోరాడి గెలిచాడు.",
మానవాలి చరిత్రలో జరిగిన అతి పెద్ద యద్దంలో దర్శం వైవు నించోని దర్శాని గేలిపించాడు.,మానవాళి చరిత్రలో జరిగిన అతి పెద్ద యుద్ధంలో ధర్మం వైపు నిలిచి ధర్మాన్ని గెలిపించాడు.,
మహాభారత గ్రంధంలో అర్జునుడికి మించిన వీరుడు మరోకరు లేరు.,మహాభారత గ్రంథంలో అర్జునుడికి మించిన వీరుడు మరొకరు లేరు.,
"తల్లిదండ్రులను గేరవించడం, పెద్దవారిని గేరవించడం, దర్శాని కాపాడ్డం మనం అర్జునుడి నుంచి నేర్చుకోవాలి.","తల్లిదండ్రులను గౌరవించడం, పెద్దవారిని గౌరవించడం, ధర్మాన్ని కాపాడటం మనం అర్జునుడి నుంచి నేర్చుకోవాలి.",
కాలుష్యం అనేది చాలా ప్రమాదకరం.,కాలుష్యం అనేది చాలా ప్రమాదకరం.,
మనిషి యొక్క స్వార్థం కోసం ప్రక్రుతిని కాలుష్యం చేస్తునాడు.,మనిషి యొక్క స్వార్థం కోసం ప్రకృతిని కాలుష్యం చేస్తున్నాడు.,
ప్రస్తుత కాలంలో కాలుష్యం చాలా ఎక్కువ అయపోయంది.,ప్రస్తుత కాలంలో కాలుష్యం చాలా ఎక్కువ అయిపోయింది.,
"నీరు, గాలి, నేల అన్నింటిని కాలుష్యం చేసారు.","నీరు, గాలి, నేల అన్నింటిని కాలుష్యం చేసారు.",
కాలుష్యానికి ప్రధమ కారణం పరిశ్రమలు.,కాలుష్యానికి ప్రథమ కారణం పరిశ్రమలు.,
"పరిశ్రమలు నుంచి వచ్చిన వ్యర్దాలను నీటిలో, గాలిలో కలప్పడం వల్ల పర్యవరణం కాలుష్యం అవతుంది.","పరిశ్రమల నుంచి వచ్చిన వ్యర్థాలను నీటిలో, గాలిలో కలపడం వల్ల పర్యావరణం కాలుష్యం అవుతుంది.",
పర్యవరణం కాలుష్యం అవడం వలన మనుషుల యెక్క జీవిత అయుర్దాయం తగ్గిపోతుంది.,పర్యావరణం కాలుష్యం అవడం వలన మనుషుల యొక్క జీవిత ఆయుర్దాయం తగ్గిపోతుంది.,
దీనివల్ల మానవ జాతికి కొత్త సమశ్యలు మరియు జబ్బులు వస్తునాయ.,దీనివల్ల మానవ జాతికి కొత్త సమస్యలు మరియు జబ్బులు వస్తున్నాయి.,
నీట్టి యొక్క కలుష్యం వలన చాపలు మంయు అనేక జాతుల జల జీవాలు అంతరించి పోతునాయి.,నీటి యొక్క కలుష్యం వలన చేపలు మరియు అనేక జాతుల జల జీవాలు అంతరించి పోతున్నాయి.,
గాలిని కాలుష్యం చేయడం వలన జంతువులు మరియు అనేక ప్రానులు అంతరించి పొత్తునాయి.,గాలిని కాలుష్యం చేయడం వలన జంతువులు మరియు అనేక ప్రాణులు అంతరించి పోతున్నాయి.,
భుమిని కాలుష్యం చేయడం వలన చెట్లు చనిపోతునాయి మరియు కొత్త మెక్కలు పెరగకుండా భూమిని పాడుచేస్తున్నాయి.,భూమిని కాలుష్యం చేయడం వలన చెట్లు చనిపోతున్నాయి మరియు కొత్త మొక్కలు పెరగకుండా భూమిని పాడుచేస్తున్నాయి.,
దిని గురుంచి ప్రభుత్వం చాలా చరియలు తీసుకుంటుంది కాని ప్రతి మనిషి బధ్యతతో ప్రవర్తించే వరకు కాలుష్యం ఆగదు.,"దీనిగురించి ప్రభుత్వం చాలా చర్యలు తీసుకుంటుంది, కానీ ప్రతి మనిషి బాధ్యతతో ప్రవర్తించే వరకు కాలుష్యం ఆగదు.",
కలుష్యం నివారించాలి అంటే మొధట ప్రతి ఒక్కరిలోను అవగాహన కల్పించాలి.,కలుష్యం నివారించాలి అంటే మొదట ప్రతి ఒక్కరిలోను అవగాహన కల్పించాలి.,
చిన్న పిల్లలకు పాఠశాల నుంచి కలుష్యం మరియు దాని యొక్క ప్రభావం గురుంచి నేర్పించాలి.,చిన్న పిల్లలకు పాఠశాల నుంచి కలుష్యం మరియు దాని యొక్క ప్రభావం గురించి నేర్పించాలి.,
"ప్రతి మనిషి మెక్కలు నాటాలి, నదులను మరియు నీటిని, భూమిని శుబ్రం చేయాలి.","ప్రతి మనిషి మొక్కలు నాటాలి, నదులను, నీటిని, భూమిని శుభ్రం చేయాలి.",
పర్యవరణంలోకి విషగాలులు వడులుతున్న పరిశ్రమల మీద చరియు తీసుకోవాలి.,పర్యావరణంలోకి విషవాయువులు విడుస్తున్న పరిశ్రమల మీద చర్యలు తీసుకోవాలి.,
పర్యవరణాని రక్షిస్తే అది తిరిగి మనలని రక్షిస్తుంది.,పర్యావరణాన్ని రక్షిస్తే అది తిరిగి మనలను రక్షిస్తుంది.,
ఆధునిక ప్రపంచంలో సోషల్ మీడియా వాడకం రోజురోజుకు గణనీయంగా పెరుగుతున్నది.,ఆధునిక ప్రపంచంలో సోషల్ మీడియా వాడకం రోజురోజుకు గణనీయంగా పెరుగుతోంది.,
ప్రతి ఇంట్లో కనీసం ఒక మొబైల్ ఫోను ఉంటుంది ఈ రోజుల్లో.,ప్రతి ఇంట్లో కనీసం ఒక మొబైల్ ఫోన్ ఉంటుంది ఈ రోజుల్లో.,
దాన్ని బట్టి మనం అర్థం చేసుకోవచ్చు.,దాన్ని బట్టి మనం అర్థం చేసుకోవచ్చు.,
సోషల్ మీడియా వాడకం ఎంతలా ఉన్నది అని.,సోషల్ మీడియా వాడకం ఎంతలా ఉందని.,
"సోషల్ మీడియా వాడకం వలన ఎన్నో ప్రయోజనాలు ఉన్నప్పటికి, వాటితో పాటు దుష్ప్రభావాలు కూడా లేకపోలేదు.","సోషల్ మీడియా వాడకం వలన ఎన్నో ప్రయోజనాలు ఉన్నప్పటికీ, వాటితో పాటు దుష్ప్రభావాలు కూడా లేకపోలేదు.",
నేటి తరం యువతలో సోషల్ మీడియా వాడకం ఎన్నో ప్రయోజనాలు కల్పిస్తున్నది.,నేటి తరం యువతలో సోషల్ మీడియా వాడకం ఎన్నో ప్రయోజనాలు కల్పిస్తోంది.,
యువతరం కొత్తరకం నైపుణ్యాలు నేర్చుకోవడాని యూట్యూబ్ తదితర ప్లాట్ ఫోరమ్ లు అవకాశం కల్పిస్తున్నాయి.,యువతరం కొత్తరకం నైపుణ్యాలు నేర్చుకోవడానికి యూట్యూబ్ తదితర ప్లాట్‌ఫారమ్‌లు అవకాశం కల్పిస్తున్నాయి.,
యూట్యూబ్ వంటివి చాలామందికి ఉద్యోగ అవకాశాలు కల్పిస్తున్నాయి.,యూట్యూబ్ వంటివి చాలామందికి ఉద్యోగ అవకాశాలు కల్పిస్తున్నాయి.,
కొన్ని సామాజిక మాధ్య మాల ద్వారా దేశీయ మరియు విదేశీయ ఉత్పత్తులకు మార్కెటింగ్ కూడా చేసుకోవచ్చు.,కొన్ని సామాజిక మాధ్యమాల ద్వారా దేశీయ మరియు విదేశీ ఉత్పత్తులకు మార్కెటింగ్ కూడా చేసుకోవచ్చు.,
"లింక్ డిన్ వంటి తదితర ప్లాట్ ఫారమ్ లు ఉద్యోగావకాశాలు సులభంగా కల్పించేందుకు దోహదం చేస్తున్నాయి, సినిమాలు మరియు సంగీతం లాంటి వినోదాన్ని కలిగించడానికి సోషల్ మీడియా ఉపయోగపడుతున్నది.",లింక్డిన్ వంటి తదితర ప్లాట్ఫామ్లు ఉద్యోగావకాశాలను సులభంగా కల్పించేందుకు దోహదం చేస్తున్నాయి. సినిమాలు మరియు సంగీతం లాంటి వినోదాన్ని కలిగించడానికి సోషల్ మీడియా ఉపయోగపడుతోంది.,
"విదేశీ, రాజకీయ, సైన్స్ మరియు పర్యావరణ సమాచారాన్ని సులభంగా తెలుసుకోవచ్చు.","విదేశీ, రాజకీయ, విజ్ఞానశాస్త్రం మరియు పర్యావరణ సమాచారాన్ని సులభంగా తెలుసుకోవచ్చు.",
కొన్ని సామాజిక మాధ్యమాలు కుటుంబం మధ్య సత్సంబంధాలు పెంపొందించడానికి కూడా ఉపయోగపడు తున్నాయి.,కొన్ని సామాజిక మాధ్యమాలు కుటుంబ సభ్యుల మధ్య సత్సంబంధాలు పెంపొందించడానికి కూడా ఉపయోగపడుతున్నాయి.,
"సోషల్ మీడియా మనుషుల మధ్య సమాచారాన్ని చేరవేయడమే కాకుండా, బాంధవ్యాలను దెబ్బతీయడానికి ఎక్కువగా ఆస్కారము ఉన్నది.","సోషల్ మీడియా మనుషుల మధ్య సమాచారాన్ని చేరవేయడమే కాకుండా, బాంధవ్యాలను దెబ్బతీయడానికి ఎక్కువగా ఆస్కారం ఉంది.",
సోషల్ మీడియా ఎక్కువగా తప్పుడు సమాచారం అందించడం వలన కుటుంబాల మధ్యలో పొరపాటులు వచ్చే అవకాశాలు లేకపోలేదు.,సోషల్ మీడియా ఎక్కువగా తప్పుడు సమాచారం అందించడం వలన కుటుంబాల మధ్య పొరపాట్లు వచ్చే అవకాశాలు లేకపోలేదు.,
ఇక పిల్లల విషయానికి వస్తే ప్రయోజనాల కంటే దుష్ప్రయోజాల్ ఎక్కువ ఉన్నాయి.,ఇక పిల్లల విషయానికి వస్తే ప్రయోజనాల కంటే దుష్ప్రయోజనాలు ఎక్కువ ఉన్నాయి.,
నేటి సమాజంలో పిల్లలకి ఆన్ లైన్ క్లాసులు సర్వ సాధారణమయ్యాయి.,నేటి సమాజంలో పిల్లలకి ఆన్లైన్ క్లాసులు సర్వసాధారణమయ్యాయి.,
దానివల్ల పిల్లలతో సోషల్ మీడియాపై నియంత్రణ కోల్పోతున్నాము.,దానివల్ల పిల్లలపై సోషల్ మీడియాపై నియంత్రణ కోల్పోతున్నాము.,
అందువల్ల వారు పెడదారి పడే అవకాశాలు ఉన్నాయి.,అందువల్ల వారు పెడదారి పడే అవకాశాలు ఉన్నాయి.,
నేటి యువతరం ఆన్ లైన్ గేమ్ లకు బాగా అలవాటు పడ్డారు.,నేటి యువతరం ఆన్లైన్ గేమ్లకు బాగా అలవాటు పడ్డారు.,
"వారి అమూల్యమైన సమయాన్ని సోషల్ మీడియా, మరియు ఆన్ లైన్ గేమ్ లకు ఎక్కువగా ఉపయోగించడం వలన ఆధునిక ప్రపంచంలో కావాల్సిన నైపుణ్యాలకు సమయాన్ని కేటాయించ లేకపోతున్నారు.","వారి అమూల్యమైన సమయాన్ని సోషల్ మీడియా మరియు ఆన్లైన్ గేమ్లకు 

ఎక్కువగా ఉపయోగించడం వలన, ఆధునిక ప్రపంచంలో కావాల్సిన నైపుణ్యాలకు సమయం కేటాయించలేకపోతున్నారు.",
"సోషల్ మీడియాలో బెదిరింపులు, డేటా చోరీలు సర్వసాధారణమయ్యాయి.","సోషల్ మీడియాలో బెదిరింపులు, డేటా చోరీలు సర్వసాధారణమయ్యాయి.",
దానివల్ల నేటి యువతరంలో మానాసిక క్షోభ (డిప్రెషన్) తో బాధపడేవాల్లు రోజు రోజుకు పెరుగుతున్నారు.,దానివల్ల నేటి యువతరంలో మానసిక క్షోభ (డిప్రెషన్) తో బాధపడేవారు రోజు రోజుకు పెరుగుతున్నారు.,
ఇప్పుడు ఈ డిప్రెషన్ అనేది దేశంలో ప్రధానమైన సమస్య.,ఇప్పుడు ఈ డిప్రెషన్ అనేది దేశంలో ప్రధానమైన సమస్య.,
దానివల్ల సైకాలజికల్ సమస్యలు కూడా వస్తున్నాయి.,దానివల్ల మానసిక సమస్యలు కూడా వస్తున్నాయి.,
అమ్మాయిలపై ఆకృత్యాలు పెరిగిపోవడానికి ఇదికూడా ఒక కారణం.,అమ్మాయిలపై అకృత్యాలు పెరగడానికి ఇదికూడా ఒక కారణం.,
సోషల్ మీడియాలో స్టేటస్ ల వలన జీవితంలో గోప్యత లేకుండా పోయింది.,సోషల్ మీడియాలో స్టేటస్ల వలన జీవితంలో గోప్యత లేకుండా పోయింది.,
ముఖ్యంగా ఒకరి జీవితాలను చూసి ఇంకొకరు అనుకరించిడం వలన తమ తమ ఐడెంటిటీని కోల్పోతున్నారు.,ముఖ్యంగా ఒకరి జీవితాలను చూసి ఇంకొకరు అనుకరించడం వలన తమ తమ ఐడెంటిటీని కోల్పోతున్నారు.,
దేశం అభివృద్ధి చెందడానికి సోషల్ మీడియా ఒక సాధనంగా ఉండడం వలన దీన్ని ప్రయోజనాల గురించి ఉపయోగించడం మంచిది.,దేశం అభివృద్ధి చెందడానికి సోషల్ మీడియా ఒక సాధనంగా ఉండడం వలన దీన్ని ప్రయోజనాల కోసం ఉపయోగించడం మంచిది.,
పిల్లలపై కొంత మేర నియంత్రణ కలిగి ఉండాలి.,పిల్లలపై కొంత మేర నియంత్రణ కలిగి ఉండాలి.,
లేదంటే ఈ సోషల్ మీడియా వాడకం వారి పెరుగుదలపై ప్రభావం పడే అవకాశం ఉన్నది.,లేదంటే ఈ సోషల్ మీడియా వాడకం వారి పెరుగుదలపై ప్రభావం పడే అవకాశం ఉంది.,
చివరగా సోషల్ మీడియా మంచిని పెంపొందించేదిగా ఉండాలి.,చివరిగా సోషల్ మీడియా మంచిని పెంపొందించేదిగా ఉండాలి.,
నాకు ఇష్టమైన క్రీడ క్రికెట్.,నాకు ఇష్టమైన క్రీడ క్రికెట్.,
మన భారతదేశంలో క్రికెట్ గురించి తెలియని వారుండరు అంటే అతిశయోక్తి లేదు.,మన భారతదేశంలో క్రికెట్ గురించి తెలియని వారు లేరంటే అతిశయోక్తి కాదు.,
ఇది ప్రపంచదేశాలలో ఎంతో ప్రాచుర్యం కలిగిన క్రీడ.,ఇది ప్రపంచదేశాలలో ఎంతో ప్రాచుర్యం కలిగిన క్రీడ.,
భారతదేశంలో యుత్ రరం ప్రధానంగా ఆడే ఆటలలో క్రికెట్ ప్రధమ వరుసలో ఉంటుంది.,భారతదేశంలో యువతరం ప్రధానంగా ఆడే ఆటలలో క్రికెట్ ప్రథమ వరుసలో ఉంటుంది.,
క్రికెట్ దాదాపు వంద సంవత్సరాల క్రితం ఇంగ్లండ్ అనే దేశంలో పుట్టింది.,క్రికెట్ దాదాపు వంద సంవత్సరాల క్రితం ఇంగ్లాండ్ అనే దేశంలో పుట్టింది.,
భారతదేశాన్ని బ్రిటిషు వారు పరిపాలించే సమయంలో ఈ క్రీడని మన దేశానికి అందించారు.,భారతదేశాన్ని బ్రిటిష్ వారు పరిపాలించే సమయంలో ఈ క్రీడని మన దేశానికి అందించారు.,
క్రికెట్ ఆడడం వలన మానసిక ఉల్లాసంతో పాటు మంచి ఎక్సరైస్ కూడా లభిస్తుంది.,క్రికెట్ ఆడడం వలన మానసిక ఉల్లాసంతో పాటు మంచి ఎక్సర్సైజ్ కూడా లభిస్తుంది.,
క్రికెట్ లో ప్రపంచకప్ జరిగే సమయంలో అందరు టెలివిజకు అతుక్కు పోయి వీక్షిస్తారు .,క్రికెట్ లో ప్రపంచకప్ జరిగే సమయంలో అందరూ టెలివిజన్ కు అతుక్కు పోయి వీక్షిస్తారు.,
క్రికెట్ లో ఇష్టమైన క్రీడాకారుడు సచిన్ టెండూల్కర్.,క్రికెట్ లో ఇష్టమైన క్రీడాకారుడు సచిన్ టెండూల్కర్.,
భారతదేశంలో క్రికెట్ ని ఒక మతంగా భావిస్తే అందులో ఎవరికి అందని దేవుడు లాంటి వాడు సచిన్ టెండూల్కర్.,భారతదేశంలో క్రికెట్ ని ఒక మతంగా భావిస్తే అందులో ఎవరికి అందని దేవుడు లాంటి వాడు సచిన్ టెండూల్కర్.,
క్రికెట్ లో ఆయన భారత దేశానికి అందించిన మరపురాని విజయాలకు గుర్తుగా భారతప్రభుత్వం అతనికి భారత రత్న పురష్కారాన్ని ప్రకటించింది.,క్రికెట్ లో ఆయన భారత దేశానికి అందించిన మరపురాని విజయాలకు గుర్తుగా భారత ప్రభుత్వం అతనికి భారత రత్న పురస్కారాన్ని ప్రకటించింది.,
సచిన్ బ్యాటింగ్ చేసే సమయంలో అతని అభిమానులందరు ఎన్నిపనులున్నా మానేసి టెలివిజన్ లకు అతుక్కు పోయేవారు.,సచిన్ బ్యాటింగ్ చేసే సమయంలో అతని అభిమానులందరూ ఎన్నిపనులున్నా మానేసి టెలివిజన్లకు అతుక్కు పోయేవారు.,
అప్పటి యువతరం అంతా అతనిని అనుకరించేవారు.,అప్పటి యువతరం అంతా అతనిని అనుకరించేవారు.,
క్రికెట్ లో మూడు ఫార్మాట్ లు ఉన్నాయి.,క్రికెట్ లో మూడు ఫార్మాట్లు ఉన్నాయి.,
"అవి టెస్ట్ , వన్డే మరియు టిట్వంటి.","అవి టెస్ట్, వన్డే మరియు టి౨౦.",
టెస్టుల్లో యాభై సెంచరీలు చేసిన ఏకైక ఆటగాడు సచిన్.,టెస్టుల్లో యాభై సెంచరీలు చేసిన ఏకైక ఆటగాడు సచిన్.,
వన్డేల్లో 49 సెంచరీలతో పాటుగా మొట్టు మొదటి డబుల్ సెంచరీ చేసాడు .,వన్డేల్లో ౪౯ సెంచరీలతో పాటుగా మొట్టమొదటి డబుల్ సెంచరీ చేశాడు.,
పైన పేర్కొన్న రివార్డులని అందుకోవడం అంత సులభం కాదు.,పైన పేర్కొన్న రివార్డులు అందుకోవడం అంత సులభం కాదు.,
రామాయణం అంటే రాముడి ప్రయాణం గా చెప్పవచ్చు.,రామాయణం అంటే రాముడి ప్రయాణంగా చెప్పవచ్చు.,
"రామాయణంలో మనకు చాలా పాత్రలు ఉంటాయి, వాటి నుంచి మనకు జీవితంలో ఎలా ఉన్నత స్థాయికి చేరుకోగలమని తెలుపుతుంది.","రామాయణంలో మనకు చాలా పాత్రలు ఉంటాయి, వాటి నుంచి మనకు జీవితంలో ఎలా ఉన్నత స్థాయికి చేరుకోవచ్చో తెలుపుతుంది.",
రామాయణం అంటే ముందుగా అందరికి గుర్తుకు వచ్చెడి రాముడు.,రామాయణం అంటే ముందుగా అందరికీ గుర్తుకు వచ్చేది రాముడు.,
రాముడు విష్ణువు అవతారం.,రాముడు విష్ణువు అవతారం.,
రావణుడిని సంహరించడానికి అవతారం దాల్చాడు.,రావణుడిని సంహరించడానికి అవతారం దాల్చాడు.,
"రావణుడు ములోకంలో అందరి కన్నా శక్తివంతుడు అని, ములోకానికి రాజు కావాలి అని ముందుగా బ్రహ్మకి తనస్సు చేసి మానవులతో మాత్రమే మరణం సంబవించేలా వరం పొంది, దేవతల ను ఇబ్బంది పెట్టాడు.","రావణుడు మూడులోకాలలో అందరి కన్నా శక్తివంతుడు అని, ముల్లోకాలకి రాజు కావాలని ముందుగా బ్రహ్మకు తపస్సు చేసి మానవులతో మాత్రమే మరణం సంభవించేలా వరం పొంది, దేవతలను ఇబ్బంది పెట్టాడు.",
"దానితో దేవతలు అంతా విష్ణువును ప్రార్దించగా, విష్ణువు రాముడిగా మానవ రూపం ఎత్తాడు.","దానితో దేవతలు అంతా విష్ణువును ప్రార్థించగా, విష్ణువు రాముడిగా మానవ రూపం ఎత్తాడు.",
దశరధ తనయుడిగా రాముడు జన్మ ఎత్తాడు.,దశరథ తనయుడిగా రాముడు జన్మించాడు.,
రాముడి చదువు వశిష్ఠ మహర్షి దగ్గర జరిగింది.,రాముడి విద్య వశిష్ఠ మహర్షి దగ్గర జరిగింది.,
విశ్వామిత్రుడు యాగ రక్షణ కోసం రాముడిని తీసుకు వెళ్ళాడు.,విశ్వామిత్రుడు యాగరక్షణ కోసం రాముడిని తీసుకెళ్ళాడు.,
యాగానంతం సీతను కలుసుకున్నాడు మిధిలా రాజ్యం లో.,యాగానంతరం సీతను కలుసుకున్నాడు మిథిలా రాజ్యంలో.,
అసలు శివ దనస్సు దర్శనం కోసం మిథిలకు వెళ్ళాడు.,అసలు శివ ధనుస్సు దర్శనం కోసం మిథిలాకు వెళ్ళాడు.,
ఆ సమయం లోనే సీతా స్వయం వరంలో విశ్వామిత్రుడి ఆజ్ఞ మేరకు శివ దనస్సును ఎత్తి నారిని కట్టాడు.,ఆ సమయాన సీతా స్వయంవరంలో విశ్వామిత్రుడి ఆజ్ఞ మేరకు శివ ధనస్సును ఎత్తి నారిని కట్టాడు.,
అలా స్వయం వరం తురువాత అందరి ఆశీర్వాదంతో సీతారామ కళ్యాణం అంగరంగ వైభవంగా జరిగింది.,అలా స్వయంవరం తరువాత అందరి ఆశీర్వాదాలతో సీతారామ కళ్యాణం అంగరంగ వైభవంగా జరిగింది.,
తరువాత దశరథ మహరాజు రాముడిని అయోధ్యకు రాజుని చేయాలి అను కున్నాడు .,తరువాత దశరథ మహారాజు రాముడిని అయోధ్యకు రాజును చేయాలని అనుకున్నాడు.,
కాని కైకేయి మాత కోరిక మేరకు రాముడిని వనవాసానికి పంపి భరతుడిని రాజును చేయదల చారు.,"కానీ కైకేయి మాత కోరిక మేరకు రాముడిని వనవాసానికి పంపి, భరతుడిని రాజును చేయదలచారు.",
అలా రాముడు వన వాసానికి వెళ్ళాసి వచ్చింది .,అలా రాముడు వనవాసానికి వెళ్ళాల్సి వచ్చింది.,
"అరణ్య కాండ:రాముడితో పాటు సీతాదేవి, లక్ష్మణుడు కూడా వెళ్ళారు.","అరణ్య కాండ:రాముడితో పాటు సీతాదేవి, లక్ష్మణుడు కూడా వెళ్ళారు.",
అక్కడ మునుకు ఇబ్బంది పెట్టే రాక్షసులను సంహరించాడు.,అక్కడ మునులను ఇబ్బంది పెట్టే రాక్షసులను సంహరించాడు.,
అలా రావణుడి చెల్లి రాము డి ని ఇష్ట పడు తుంది.,అలా రావణుడి చెల్లి రాముడిని ఇష్టపడింది.,
కాని రాముడు ఏక పత్నిరతుడి అని పెళ్ళి చేసుకోలేను అన్నాడు.,కాని రాముడు ఏకపత్నీవ్రతుడు అని పెళ్ళి చేసుకోలేనని అన్నాడు.,
అందుకు సీతను చంపే ప్రయత్నం చేయగా లక్ష్మణుడు తన ముఖును కండించాడు.,అందుకు సీతను చంపే ప్రయత్నం చేయగా లక్ష్మణుడు తన ముక్కును కోశాడు.,
"ఆ విషయం రావణుడికి తెలసి, సీతను అపహరించాడు.","ఆ విషయం రావణుడికి తెలిసి, సీతను అపహరించాడు.",
సుందర కాండ: సీతను వెతుకుతూ రామ లక్ష్మణులు హనుమంతుడిని కలిసారు.,సుందర కాండ: సీతను వెతుకుతూ రామ-లక్ష్మణులు హనుమంతుడిని కలిసారు.,
సుగ్రీవుడి కోరిక మేరకు వాలిని సంహరించాడు.,సుగ్రీవుడి కోరిక మేరకు వాలిని సంహరించాడు.,
వానర సైన్యం సాయం తో లంకకు చేరేప్రయత్నం చేసాడు.,వానర సైన్యం సాయంతో లంకకు చేరే ప్రయత్నం చేసాడు.,
హనుమంతుడి సాయం తో సీత జాడ తెలుసుకున్న రాముడు.,హనుమంతుడి సాయం తో సీత జాడ తెలుసుకున్న రాముడు.,
"లంకకు సేతు నిర్మించి, లంకకు చేరుకున్నాడు.","లంకకు సేతు నిర్మించి, లంకకు చేరుకున్నాడు.",
"అక్కడ విభీషణుడిని కలిసాడ, అతను రావణుడి తమ్ముడు.","అక్కడ విభీషణుడిని కలిసాడు, అతను రావణుడి తమ్ముడు.",
అతను పెద్ద విష్ణు భక్తుడు.,అతను పెద్ద విష్ణు భక్తుడు.,
"రాముడి ధర్మం వైపు అడుగులు చూసి రాముడి, విభీషణుడు రాముడితో చేతులు కలిపాడు.",రాముడి ధర్మం వైపు అడుగులు చూసి విభీషణుడు రాముడితో చేతులు కలిపాడు.,
విభీషణుడి సాయం తో రావణ సైన్యం యొక్క బలం బలహీనతలను తెలుసుకున్నాడు రాముడు.,"విభీషణుడి సాయంతో రావణ సైన్యం యొక్క బలం, బలహీనతలను తెలుసుకున్నాడు రాముడు.",
రామ-రావణ యుద్ధం మొదలు అయ్యాక ముందుగా రావణుడి దగ్గర ఉండే చిన్న రాక్షసులను పంపాడు.,రామ-రావణ యుద్ధం మొదలయ్యాక ముందుగా రావణుడి దగ్గర ఉన్న చిన్న రాక్షసులను పంపాడు.,
వాళ్ళు అందరి చనిపోగా రావణుడి కొడుకు ఆయిన మేఘ నాధుడిని పంపాడు.,వాళ్లు అందరూ చనిపోగా రావణుడి కొడుకు అయిన మేఘనాథుడిని పంపాడు.,
మేఘ నాధు డు శక్తి ముందు లక్ష్మణుడు నిలవలేక మేఘ నాదుడి సర్పబాణంకి స్పహ కోలిపోయాడు.,మేఘనాథుడి శక్తి ముందు లక్ష్మణుడు నిలవలేక మేఘనాథుడి సర్పబాణానికి స్పృహ కోల్పోయాడు.,
దానితో హనుమంతుడు సంజీవిని పర్వతం ఎక్కి పెట్టి తీసుకు వచ్చాడు.,దానితో హనుమంతుడు సంజీవని పర్వతాన్ని ఎత్తి తీసుకు వచ్చాడు.,
దానిలో ఉన్న ఔషదాల తో లక్ష్మణుడిని తిరిగి బ్రతికించాడు.,దానిలో ఉన్న ఔషధాలతో లక్ష్మణుడిని తిరిగి బ్రతికించాడు.,
అప్పుడు లక్ష్మణుడు మేఘ నాథు డి బలహీతనతను తెలుసుకొని నీటిలోనే అతని శక్తి క్షీణిస్తుంది అని తెలిసి నీటిలోకి తీసుకు వెళ్ళ సంహరించాడు లక్ష్మణుడు.,అప్పుడు లక్ష్మణుడు మేఘనాథుడి బలహీనతను తెలుసుకొని నీటిలోనే అతని శక్తి క్షీణిస్తుందని తెలిసి నీటిలోకి తీసుకెళ్ళి సంహరించాడు.,
ఆ తరువాత కుంభకర్ణుడి నిద్ర లేపి యుద్ధానికి పంపాడు.,ఆ తరువాత కుంభకర్ణుడిని నిద్రలేపి యుద్ధానికి పంపాడు.,
కుంభకర్ణుడు కూడా రావణుడు చేస్తుంది తప్పు అని చెప్పి చూసాడు కాని వినలేదు .,కుంభకర్ణుడు కూడా రావణుడు చేస్తున్నది తప్పు అని చెప్పాడు కాని వినలేదు.,
అందుకు గాను కుంభకర్ణుడు మరణించాడాడు .,అందుకు గాను కుంభకర్ణుడు మరణించాడు.,
ఆ తరువాత రావణుడి రాగా హోరాహోరిగా యుద్ధం సాగింది.,ఆ తరువాత రావణుడు రాగా హోరాహోరిగా యుద్ధం సాగింది.,
అందులో రాముడు రావణుడిని చంపి సీతను కలిసాడు.,అందులో రాముడు రావణుడిని చంపి సీతను కలుసుకున్నాడు.,
కాని అతను సీత దేవి పాతివ్రత్యం మీద అందరికి కలిగే అనుమానాల వల్ల సీతాదేవిని దూరం పెట్టాడు.,కాని సీతాదేవి పాతివ్రత్యంపై అందరికీ కలిగిన అనుమానాల వల్ల ఆమెను దూరం పెట్టాడు.,
"దానితో సీతా దేవి అగ్ని పరీక్షకు సిద్ధం అయి, తన పతివ్రత అని నిరూపించింది.","దానితో సీతాదేవి అగ్నిపరీక్షకు సిద్ధమై, తాను పతివ్రత అని నిరూపించింది.",
అందరు కలిసి అయెధ్య చేరి తిరిగి రాముడు రాజుగా పట్టాభిషేకం పొందింది .,అందరూ కలిసి అయోధ్య చేరి తిరిగి రాముడు రాజుగా పట్టాభిషేకం పొందాడు.,
ఆ తరువాడ ఒక బట్టలు ఉతికే వాడు చెప్పడు మాటలకు సీతాదేవన వనవాసానికి విడిపెట్టాడు గర్భవతిగా ఉన్న కూడా.,"ఆ తరవాత ఒక బట్టలు ఉతికే వాడు చెప్పిన మాటలకు సీతాదేవిని వనవాసానికి పంపాడు, ఆమె గర్భవతిగా ఉన్నప్పటికీ.",
అక్కడ లవ కుశ లు రాముడు సీతకు పుట్టిన సంతానంగా నిలిచారు.,"అక్కడ లవకుశలు రాముడు, సీతకు పుట్టిన సంతానంగా నిలిచారు.",
రాముడి అశ్వమేధ యాగం అడుకున్నందుకు లవ-కాశలు వారి తండ్రి రాముడి కలిశారు.,రాముడి అశ్వమేధ యాగం అడ్డుకున్నందుకు లవ-కుశులు వారి తండ్రి రాముడిని కలిశారు.,
సీతాదేవ లవ-కుశలను రాముడిని అప్పజెప్పి తన తల్లి అయిన భూదేవి దగ్గరకు వెళ్ళింది.,సీతాదేవి లవ-కుశలను రాముడికి అప్పగించి తన తల్లి అయిన భూదేవి దగ్గరకు వెళ్ళింది.,
లవకుశల ను రాజు చేసి రాముడు అవతారం దాల్చాడు.,లవ-కుశులను రాజులుగా చేసి రాముడు అవతారం దాల్చాడు.,
తాత్పర్యం : రామాయణం మనకు విన్నో విషయాలను నేర్పుతుండీ.,తాత్పర్యం: రామాయణం మనకు ఎన్నో విషయాలను నేర్పుతుంది.,
"అన్న దమ్ముల అనుభందం, అక్కచెల్లిల ప్రేమ, భార్యభర్తల ప్రేమ, ఇంకా మరెన్నో.","అన్నదమ్ముల అనుబంధం, అక్కాచెల్లెల ప్రేమ, భార్యభర్తల ప్రేమ, ఇంకా మరెన్నో.",
వాటి ఆదర్శంగా తీసుకొని మగజీవితం ధర్మం వైవు నడిచేలా చూడాలి.,వాటిని ఆదర్శంగా తీసుకొని మన జీవితం ధర్మం వైపు నడిచేలా చూడాలి.,
నిరంతరం రాముడు ధర్మం వైపు నడవడం వల్ల రాముడి రాజ్యం రాయరాజ్యం గా కీర్తించ బడింది.,నిరంతరం రాముడు ధర్మం వైపు నడవడం వల్ల రాముడి రాజ్యం రామరాజ్యంగా కీర్తించబడింది.,
హనుమంతుడు రాముడికి చాలా పెద్ద దాను.,హనుమంతుడు రాముడికి చాలా పెద్ద దాసు.,
"ఎప్పుడు హనుమంతుడు రాముడి మాటలను అను గురించి, రామ మార్గం లోనే నడిచేవాడు.","ఎప్పుడూ హనుమంతుడు రాముడి మాటలను అనుసరించి, రామమార్గంలోనే నడిచేవాడు.",
లక్ష్మణుడి భార్యను చూసి భర్త కోసం ఏమైనా చేసేలా గుణం తెచ్చుకోగల గాలి.,లక్ష్మణుడి భార్యను చూసి భర్త కోసం ఏమైనా చేసే గుణం మనం తెచ్చుకోగలము.,
నా పేరు సుస్మిత.,నా పేరు సుస్మిత.,
నేను ప్రస్తుతం ఐఐటి కాన్పుర్ లో పిహెచ్ డీ చదువుతున్నాను.,నేను ప్రస్తుతం ఐఐటి కాన్పూర్ లో పీహెచ్డీ చదువుతున్నాను.,
నేను ఐఐటీ కాన్ పుర్ లో రెండువేళపద్దెనిమిదిలో జాయిన్ అయ్యను.,నేను ఐఐటి కాన్పూర్ లో రెండువేల పద్దెనిమిదిలో జాయిన్ అయ్యాను.,
"దీనికు మునుపు నేను త్రిపులైటీ గువాహటీలో నా గ్రాడ్యుయెషన్ పూర్తి చేసాను, అందుకని నాకు రెండు సార్లు కాలేజిలో మొదటి రోజు అనుభవం ఉండి.","దీనికి మునుపు నేను ట్రిపుల్ ఐటీ గువాహటీలో నా గ్రాడ్యుయేషన్ పూర్తి చేసాను, అందుకని నాకు రెండు సార్లు కాలేజీలో మొదటి రోజు అనుభవం ఉంది.",
మొదటిగ నేను నా బ్యాచలర్స్ కాలేజీ అయిన త్రిపులైటీ గువాహటి అనుభవల గురించి రాస్తాను.,మొదటిగా నేను నా బ్యాచిలర్స్ కాలేజీ అయిన ట్రిపుల్ ఐటీ గువాహటి అనుభవాల గురించి రాస్తాను.,
"నా చిన్నతనం అంతా, మరియు స్కులింగ్, ఇంటర్ మీడియెట్ చదువులు నేను హైదరాబాదులోనే చెసాను.","నా చిన్నతనం అంతా, మరియు స్కూలింగ్, ఇంటర్మీడియేట్ చదువులు నేను హైదరాబాద్ లోనే చేసాను.",
"అందువలన నాకు ఈ అనుభవం చాలా కొత్తది, ఇప్పటి వరకు నేను నార్త్ ఇండియాకు వెళ్ళలేదు, చాలా భయంతో, ఆశలలో నేను మా నాన్నగారితో ట్రైన్ లో వెళ్ళాను.","అందువలన నాకు ఈ అనుభవం చాలా కొత్తది, ఇప్పటి వరకు నేను నార్త్ ఇండియాకు వెళ్ళలేదు, చాలా భయంతో, ఆశలతో నేను మా నాన్నగారితో ట్రైన్ లో వెళ్ళాను.",
ఆ ప్రయానం చాలా కొత్తగ మరియు అసౌకర్యంగా వున్నది.,ఆ ప్రయాణం చాలా కొత్తగా మరియు అసౌకర్యంగా ఉంది.,
సుమారు రెండు రోజుల ప్రయాణం.,సుమారు రెండు రోజుల ప్రయాణం.,
"మేము గువాహటిలో దిగ గానె కాలేజీకి పయనమైయ్యాం, అక్కడ ఫీసు కట్టీ ఒక చిన్న క్లాసులోకి నన్ను, వెళ్ళమన్నారు, అందులో నా తరగతి పిల్లలు పలు ప్రదేశాల నిండి వచ్చిన వారు వున్నారు, విరిలో తెలుగు ప్రదేశాల నిండి వచ్చిన వారితో వెళ్ళి కూర్చున్నాను.","మేము గువాహటిలో దిగగానే కాలేజీకి పయనమయ్యాం, అక్కడ ఫీజు కట్టి ఒక చిన్న క్లాసులోకి నన్ను వెళ్లమన్నారు, అందులో నా తరగతి పిల్లలు పలు ప్రదేశాలనుండి వచ్చిన వారు ఉన్నారు, వారిలో తెలుగు ప్రదేశాలనుండి వచ్చిన వారితో వెళ్ళి కూర్చున్నాను.",
"కాలేజీ యాజమానం వారు వచ్చి కొన్ని ముఖ్యమైన విషయాలు, తేదీలు మరియు అవసరమైన వస్తువుల గురించి చెప్పారు.","కాలేజీ యాజమాన్యం వారు వచ్చి కొన్ని ముఖ్యమైన విషయాలు, తేదీలు మరియు అవసరమైన వస్తువుల గురించి చెప్పారు.",
ఆ క్లాసు అవ్వగానె నేను మా నాన్న గారి దెగ్గరకు వెళ్ళాను.,ఆ క్లాస్ అవ్వగానే నేను మా నాన్నగారి దగ్గరకు వెళ్ళాను.,
"కొంత సమయం కాలేజీ అంతా చూసాము, నా స్నేహితులు అయిన ఒక ఇద్దరిని పరిచయం చేసాను.","కొంత సమయం కాలేజీ అంతా చూసాము, నా స్నేహితులైన ఇద్దరిని పరిచయం చేసాను.",
ఆ తరువాత మా కాలేజీవాళ్ళు మమ్మల్ని మేము నివసించబోయె హాష్టల్ కు తీసుకొని వెత్లము అని చెప్పారు.,ఆ తరువాత మా కాలేజీవాళ్లు మమ్మల్ని మేము నివసించబోయే హాస్టల్ కు తీసుకువెల్తాము అని చెప్పారు,
మా కాలేజీకు గవర్నమెంటు ఇచ్చిన భూమిలో కట్టడాలు జరుగుతున్నందువలన ప్రస్తుతం కాలేజీ మరియు హాష్టలు వేరు వేరు ప్రదేశాలలో వుండటం జరిగింది.,మా కాలేజీకి గవర్నమెంట్ ఇచ్చిన భూమిలో కట్టడాలు జరుగుతున్నందువలన ప్రస్తుతం కాలేజీ మరియు హాస్టళ్లు వేరువేరు ప్రదేశాలలో ఉండటం జరిగింది.,
ఒక బస్సును ఏర్పాటు చేసారు.,ఒక బస్సును ఏర్పాటు చేశారు.,
"నేను మరియు మా నాన్న గారు ఆ బస్సులో ఏక్కి ప్రష్టల్ కు బయలుదేరాము ఆ ప్రయాసం సుమారు గంట పట్టింది, దారిలో అంతా ఒక గ్రామము వల్లె చిన ఇల్లులు, చిన్న చిన్న షాపులు ఉన్నాయి.","నేను మరియు మా నాన్నగారు ఆ బస్సులో ఎక్కి హాస్టల్ కు బయలుదేరాము. ఆ ప్రయాణం సుమారు గంట పట్టింది. దారిలో అంతా ఒక గ్రామంలో చిన్న ఇల్లులు, చిన్న చిన్న షాపులు ఉన్నాయి.",
నాకు ఎందుకో అవన్నీ చూసాక ఎక్కడ నించి వచ్చాను ఎక్కడికి వెళ్తున్నాను అని అనిపించింది.,నాకు ఎందుకో అవన్నీ చూసాక ఎక్కడినుంచి వచ్చాను ఎక్కడికి వెళ్తున్నానో అనిపించింది.,
దారిలో అంతా ఇలా ఆలోచిస్తు భాదగా ఉన్నాను.,దారిలో అంతా ఇలా ఆలోచిస్తూ బాధగా ఉన్నాను.,
చివరికి మా హష్టలు వచ్చింది.,చివరికి మా హాస్టల్ వచ్చింది.,
"అది చూడగానే మట్టిలో మాణిక్యము వాళ్లే చాలా పెద్ద పెద్ద భవనాలు, కొత్తగా కట్టినవి.","అది చూడగానే మట్టిలో మాణిక్యం లా చాలా పెద్ద పెద్ద భవనాలు, కొత్తగా కట్టినవి.",
"అవి చాలా అంధంగా వున్నాయి, అది చూసి నాకు నా మనస్సు కుదుట పడింది.","అవి చాలా అందంగా ఉన్నాయి, అది చూసి నా మనస్సు కుదుట పడింది.",
మా హష్టలు దూరంగా వుండటం వలన అపార్తమెంట్లను లీసుకు తీసుకున్నారు కాలేజీవారు.,మా హాస్టల్ దూరంగా ఉండటం వలన అపార్ట్‌మెంట్‌లను లీజ్ కు తీసుకున్నారు కాలేజీవారు.,
అందువలన ఇవి త్రిపుల్ బెడ్రూం ఇళ్ళును మాకు ఇచ్చారు .,అందువలన ఇవి త్రిపుల్ బెడ్రూం ఇళ్ళను మాకు ఇచ్చారు.,
ఒక గదికి ఇద్దరు పిళ్ళలను ఉండమన్నారు.,ఒక గదికి ఇద్దరు పిల్లలను ఉండమన్నారు.,
మొత్తం మా ఇళ్ళులో ఆరుగురు అమ్మాయిలు ఉన్నాము.,మొత్తం మా ఇల్లులో ఆరుగురు అమ్మాయిలు ఉన్నాము.,
"నా రూములో నాతో పాము ఒక తెలుగు అమ్మాయి ఉన్నది, అది నాకు చాలా ఆనందాన్ని ఇచ్చింది.","నా రూములో నాతో పాటు ఒక తెలుగు అమ్మాయి ఉన్నది, అది నాకు చాలా ఆనందాన్ని ఇచ్చింది.",
నేను మా నాన్నగారు హష్టలు బయతకు వెళ్ళి అవసరమైన వస్తువులు కొనుక్కునాము.,నేను మా నాన్నగారు హాస్టల్ బయటకు వెళ్ళి అవసరమైన వస్తువులు కొనుక్కునాము.,
"మా హష్టలులోనే పక్కకు రోజు అన్నం తినె మెస్సు ఉంది, ఆ రోజు రాత్రికి పిళ్ళలతో వచ్చిన వారి తల్లితండ్రులకు వసతి ఏర్పాటు చేసారు.","మా హాస్టల్ లోనే పక్కకు రోజూ అన్నం తినే మెస్సు ఉంది, ఆ రోజు రాత్రికి పిల్లలతో వచ్చిన వారి తల్లితండ్రులకు వసతి ఏర్పాటు చేసారు.",
నేను మా నాన్న గారు ఆ రోజు మా మెస్సులో భోజనం చెసి హస్టల్ చూట్టూ ఒకసారి చూసి వచ్చాం.,నేను మా నాన్నగారు ఆ రోజు మా మెస్సులో భోజనం చేసి హాస్టల్ చుట్టూ ఒకసారి చూసి వచ్చాం.,
మరసటి రోజు మా నాన్న గారు తిరిగి ఇంటికి వెలిపోయారు.,మరుసటి రోజు మా నాన్నగారు తిరిగి ఇంటికి వెళ్ళిపోయారు.,
"ఎన్నో ఆశలతో, భాదతో, సాందిచాలనె పట్టుదలతో మా నాన్నకు వీడుకోలు చెప్పాను.","ఎన్నో ఆశలతో, బాధతో, సాందించాలనె పట్టుదలతో మా నాన్నకు వీడుకోలు చెప్పాను.",
ఇది నా త్రిపులైటీ గువాహటీ లో నా మొదటి రోజి అనుభవం.,ఇది నా ట్రిపుల్ ఐటీ గువాహటి లో నా మొదటి రోజు అనుభవం.,
ఇపుడు నేను ప్రస్తుతం చదువుతున్న ఐఐటీలోని కాన్పుర్ కాలేజీలో నా మొదటి రోజు అనుభవం గురించి చెప్తాను.,ఇప్పుడు నేను ప్రస్తుతం చదువుతున్న ఐఐటీలోని కాన్పూర్ కాలేజీలో నా మొదటి రోజు అనుభవం గురించి చెప్తాను.,
నా బీటెక్ అంతా నార్త్ ఇండియా లో అవ్వడం వలన నాకు భాష మాట్లాడంలో కాని కొత్త ప్రదేశంలో అలవాటు పడతానికి కాని ఎక్కువ సమయం పట్టలేదు.,నా బీటెక్ అంతా నార్త్ ఇండియా లో అవ్వడం వలన నాకు భాష మాట్లాడటంలో కానీ కొత్త ప్రదేశంలో అలవాటు పడటానికి కానీ ఎక్కువ సమయం పట్టలేదు.,
ఈసారి కూడ నా ప్రయానం హైదరాబాదు నించి కాన్పుర్ కు మ నాన్నగారితో ట్రైన్ లో వచ్చాను.,ఈసారి కూడా నా ప్రయాణం హైదరాబాద్ నించి కాన్పూర్ కు మా నాన్నగారితో ట్రైన్ లో వచ్చాను.,
చెప్పాలంటె నెను ఇఐటి కాంపస్సుకు ఇంటర్ వ్యు కోసం ముందుగానే ఒక సారి వచ్చాను.,చెప్పాలంటే నేను ఐఐటి క్యాంపస్ కు ఇంటర్వ్యూ కోసం ముందుగానే ఒకసారి వచ్చాను.,
కానీ అప్పుడు కాలేజీవాళ్ళె వుండతానికి హష్టల్ రూము ఇచ్చారు మరియు ఎక్కడకి వెళ్ళటానికైన వారితోనె తీసుకుని వెళ్ళారు.,కానీ అప్పుడు కాలేజీవాళ్ళు ఉండటానికి హాస్టల్ రూము ఇచ్చారు మరియు ఎక్కడికి వెళ్ళటానికి అయిన వారితోనే తీసుకుని వెళ్ళారు.,
"ఇంటర్ వ్యు రోజు చాలా టెన్ షన్ తో వున్నాను, బాగా చేయాలి ప్రతీ ఎక్కాంలో అని టెన్ షన్.","ఇంటర్వ్యూ రోజు చాలా టెన్షన్ తో ఉన్నాను, బాగా చేయాలి ప్రతీ ఎగ్జామ్ లో అని టెన్షన్.",
నాతో పాటు వచ్చిన వారితో స్నేహం చేసుకున్నాను .,నాతో పాటు వచ్చిన వారితో స్నేహం చేసుకున్నాను .,
ఒక రోజంతా ఈ ఇంటర్ వ్యు లకె సరిపోయింది.,ఒక రోజంతా ఈ ఇంటర్వ్యూ లకు సరిపోయింది.,
ఆ రోజు అన్ని పరీకషలు పూర్తి అయ్యాక హష్టలుకి వెళ్ళిపోయాను.,ఆ రోజు అన్ని పరీక్షలు పూర్తి అయ్యాక హాస్టల్ కి వెళ్ళిపోయాను.,
మరసటి రోజు ఇంటికి బయలు దేరాను.,మరుసటి రోజు ఇంటికి బయలు దేరాను.,
కొన్ని రోజుల తర్వాత నేను ఇంటర్ వ్యు పాను అయ్యాను పిహెచ్ డీ చేయాటానికి సెలక్టు అయ్యాను అని సమాచారం వచ్చింది.,"కొన్ని రోజుల తర్వాత నేను ఇంటర్వ్యూ పాస్ అయ్యాను, పిహెచ్‌డీ చేయడానికి సెలక్ట్ అయ్యాను అని సమాచారం వచ్చింది.",
నా ఆనందానికి అవదులు లేవు.,నా ఆనందానికి అవధులు లేవు.,
అలా నా ఇంటర్ వ్యూ రోజు నేను వచ్చినా దాన్ని నేను కాలేజిలో మొదటి రోజుగ చూడను.,అలా నా ఇంటర్వ్యూ రోజు నేను వచ్చినా దాన్ని నేను కాలేజీలో మొదటి రోజుగా చూడను.,
ఈ సమాచారము వచ్చిన రెండు నెలల తర్వాత నేను మా నాన్న గారు కాలేజీకు వచ్చాము.,ఈ సమాచారం వచ్చిన రెండు నెలల తర్వాత నేను మా నాన్నగారు కాలేజీకి వెళ్ళాము.,
ఇక్కడ కూడ వచ్చిన తల్లిదండ్రులకు అబ్బాయిల హాష్టల్ లో వసతి ఏర్పాటు చేసారు.,ఇక్కడ కూడా వచ్చిన తల్లిదండ్రులకు అబ్బాయిల హాస్టల్ లో వసతి ఏర్పాటు చేసారు.,
నాకు మాత్రం యాజమానంతో కలిసాక ఏ హాష్టలు కావాలో అడిగి ఒక హాష్టల్ లో రూం ఇచ్చారు.,నాకు మాత్రం యాజమాన్యంతో కలిసిన తర్వాత ఏ హాస్టల్ కావాలో అడిగి ఒక హాస్టల్‌లో రూమ్ ఇచ్చారు.,
మొదటి సంవత్సరం అవ్వటం వలన ఇద్దరి పిళ్ళలను ఒక గదిలొ పెట్టారు.,మొదటి సంవత్సరం అవ్వడం వలన ఇద్దరు పిల్లలను ఒక గదిలో పెట్టారు.,
మా నాన్నగారు నాతోపాటు నా హాష్టల్ కు వచ్చారు.,మా నాన్నగారు నాతోపాటు నా హాస్టల్ కు వచ్చారు.,
"అక్కడ తోటి విధ్యార్థులను కలిసాను, వారు నేను ఒకే డిపార్టుమెంటు కాకపోయిన చాలా త్వరగా స్నేహం కలిసింది.","అక్కడ తోటి విద్యార్థులను కలిసాను, వారు నేను ఒకే డిపార్ట్‌మెంట్ కాకపోయినా చాలా త్వరగా స్నేహం కలిగింది.",
"ఒక అమ్మాయి బెంగాలు ప్రదేశానికి చెందినది, మరొకరు కేరళా ప్రదేశానికి చెందిన వారు.","ఒక అమ్మాయి బెంగాల్ ప్రదేశానికి చెందినది, మరొకరు కేరళ ప్రదేశానికి చెందిన వారు.",
"నేను మా నాన్న గారు వాళ్ళతో మరియ వారి తల్లిదండ్రులతో స్నేహం పెంచుకున్నాం, అందరం కలసి క్యాంపస్ చూడటానికి బయలుదేరాం.","నేను మా నాన్నగారు వాళ్ళతో మరియు వారి తల్లిదండ్రులతో స్నేహం పెంచుకున్నాం, అందరం కలసి క్యాంపస్ చూడటానికి బయలుదేరాం.",
"ఐఐటీ కాన్ పర్ క్యాంపస్సు చాలా పెద్దది, ఒక రోజులో మొత్తం చూడడం కుదరని పని, ఎంత పెద్దగా ఉందో అంత అందంగా వుండి.","ఐఐటి కాన్పూర్ క్యాంపస్ చాలా పెద్దది, ఒక రోజులో మొత్తం చూడడం కుదరని పని, ఎంత పెద్దగా ఉందో అంత అందంగా ఉంది.",
కావాల్సిన అన్నీ వస్తువులు అక్కడ వున్న రెండు మూడు ధుఖానాలలో దొరికిపోయాయి.,కావాల్సిన అన్నీ వస్తువులు అక్కడ ఉన్న రెండు మూడు దుకాణాలలో దొరికిపోయాయి.,
అవి అన్ని కొనుక్కోని అందరం హాష్టల్ కు బయలుదేరాము.,అవి అన్ని కొనుక్కోని అందరం హాస్టల్ కు బయలుదేరాము.,
కాలేజీలో ప్రయానం చేయాలంటె దాదాపు అందరు సైకిల్లను కొనుక్కుంటున్నారు.,కాలేజీలో ప్రయాణం చేయాలంటే దాదాపు అందరు సైకిళ్ళను కొనుక్కుంటున్నారు.,
అందువలన మేము సైకిళ్ళ దుఖానాలకు వెళ్ళం.,అందువలన మేము సైకిళ్ళ దుకాణాలకు వెళ్ళాము.,
ఆ దుఖానాలు అన్ని కాలేజీ క్యాంపసులోనే వున్నాయి .,ఆ దుకాణాలు అన్ని కాలేజీ క్యాంపసులోనే ఉన్నాయి.,
కొత్తగా వచ్చిన పిళ్ళలకు కావాల్సినవన్నీ సులువుగా వుండాలని యాజమాన్యం అలా ఎర్పాటు చేసిండి.,కొత్తగా వచ్చిన పిల్లలకు కావాల్సినవన్నీ సులువుగా ఉండాలని యాజమాన్యం అలా ఏర్పాటు చేసింది.,
నేను ఒక మంచి సైకిల్ ను తీసుకున్నాను .,నేను ఒక మంచి సైకిల్ ను తీసుకున్నాను.,
అది ఎంత అందంగా వున్నదో.,అది ఎంత అందంగా ఉందో.,
నాకు మా నాన్నగారు ఇంత ముందుగానె సైకిల్ ఎలా నడపాలో నెర్పారు.,నాకు మా నాన్నగారు ఇంత ముందుగానే సైకిల్ ఎలా నడపాలో నేర్పారు.,
"చిన్నతనం నుండె నాకు సైకిల్ నడపడం నేర్పించారు, ఆ విద్య ఇక్కడ ఎంత ఉపయెగ పడిందో.","చిన్నతనం నుంచే నాకు సైకిల్ నడపడం నేర్పించారు, ఆ విద్య ఇక్కడ ఎంత ఉపయోగం పడిందో.",
నాతో పాటు వచ్చిన ఇద్దరికి సైకిల్ నడపడం రాదంట.,నాతో పాటు వచ్చిన ఇద్దరికి సైకిల్ నడపడం రాదట.,
అందువలన వారు కొనుక్కోలేదు మెము అందరం అన్ని కొనుకున్న తరువాత హాష్టల్ కు వచ్చేసాం.,"అందువలన వారు కొనుక్కోలేదు, మేము అందరం అన్ని కొనుకున్న తరువాత హాస్టల్ కు వచ్చేసాం.",
"ఈ పాటికే సాయత్రం అయ్యింది, నేను మా నాన్న గారు అలా నడుచుకుంటూ మా డిపార్టుమెంటు ఆయిన కేడి బిల్ డింగుకి వచ్చాం.","ఈ పాటికే సాయంత్రం అయ్యింది, నేను మా నాన్నగారు అలా నడుచుకుంటూ మా డిపార్ట్‌మెంట్ అయిన కె.డి. బిల్డింగ్ కి వచ్చాం.",
నా ఇంటర్యూ ఇక్కడే అయ్యిండి అనిమా నాన్న గారికి చెప్పాను.,నా ఇంటర్వ్యూ ఇక్కడే అయ్యింది అని మా నాన్న గారికి చెప్పాను.,
"యాద్రుచికంగా అక్కడ ఇదరు విధ్యార్థులు తెలుగూలో మాట్లాడటం విని నేను వెంటనే మీరు తెలుగు వారా అని అడిగాను, వాళ్ళు అవును అనటంతో నేను మా నాన్నగారు వెళ్ళతో మాట్లాడుతూ వున్నాము.","యాదృచ్ఛికంగా అక్కడ ఇద్దరు విద్యార్థులు తెలుగులో మాట్లాడటం విని నేను వెంటనే మీరు తెలుగు వారా అని అడిగాను, వాళ్ళు అవును అనటంతో నేను మా నాన్నగారు వీళ్ళతో మాట్లాడుతూ ఉన్నాము.",
వారు ఇద్దరు మునుపటి సంవత్సరంలో జాయిన్ అయ్యారు అని చెప్పారు.,వారు ఇద్దరు మునుపటి సంవత్సరంలో జాయిన్ అయ్యారు అని చెప్పారు.,
అందువలన కాలేజీ గరించి చాలా విషయాలు తెలిపారు.,అందువలన కాలేజీ గురించి చాలా విషయాలు తెలిపారు.,
ఆ విషయాలు నాకు చాలా ఉపయాగ పడతాయి అనిపించింది.,ఆ విషయాలు నాకు చాలా ఉపయోగ పడతాయి అనిపించింది.,
ఆ తరువాత నేను మా నాన్న గారు నా హాష్టల్ కి తిరిగి వచ్చెసాము .,ఆ తరువాత నేను మా నాన్నగారు నా హాస్టల్ కి తిరిగి వచ్చేసాము.,
ఈ కాలేజీలో హస్టల్ లోనే మెస్సు ఉన్నది.,ఈ కాలేజీలో హాస్టల్ లోనే మెస్సు ఉంది.,
మేము ఇద్దరం భోజనం చేయటానికి మెస్సుకి వెళ్ళాం.,మేము ఇద్దరం భోజనం చేయడానికి మెస్సుకి వెళ్ళాం.,
అక్కడ పెట్టిన రకరకాల కూరలు చూసి చాలా అవాక్కు అయ్యాం.,అక్కడ పెట్టిన రకరకాల కూరలు చూసి చాలా ఆశ్చర్యం పోయాం.,
అవి అన్ని చాలా రుచిగా కూడా వున్నాయి.,అవి అన్ని చాలా రుచిగా కూడా ఉన్నాయి.,
భోజనం అయ్యాక ఇంక మా నాన్న గారు తనకు ఇచ్చిన వేరొక హాష్టల్ కు వెళ్ళారు.,భోజనం అయ్యాక ఇంక మా నాన్నగారు తనకు ఇచ్చిన వేరొక హాస్టల్ కు వెళ్ళారు.,
నేను నా రూముకి వచ్చి ఇంక నిద్రపోయాను.,నేను నా రూముకి వచ్చి ఇంక నిద్రపోయాను.,
మరసటి రోజు మా నాన్న గారు ఇంటికి బయలు దేరారు.,మరుసటి రోజు మా నాన్న గారు ఇంటికి బయలు దేరారు.,
ఈ సారి అంద భాదగా అనిపీయలేదు కాని చాలా మంచిగా చదువుకోవాలని ఆశ ధృడంగా వున్నది.,ఈ సారి అంత బాధగా అనిపించలేదు కానీ చాలా మంచిగా చదువుకోవాలని ఆశ ధృడంగా ఉంది.,
ఇలా ఐఐటీ కాన్ పురులో నా మొదటి రోజ అనుభవం ఇది.,ఇలా ఐఐటి కాన్పూర్ లో నా మొదటి రోజు అనుభవం ఇది.,
ప్రతి మనిషి జీవితంలో ఒక నిజమైన హీరో ఉంటారు.,ప్రతి మనిషి జీవితంలో ఒక నిజమైన హీరో ఉంటాడు.,
నా జీవితంలో ఉన్న హీరో ఎందర్ జీవితాలను మార్చిన హీరో.,నా జీవితంలో ఉన్న హీరో ఎందరో జీవితాలను మార్చిన హీరో.,
"ఈ దేశం కన్న గొప్ప ముద్దుబిడ్డ, డా బాబా సాహెబ్ అంబేద్కర్","ఈ దేశం కన్న గొప్ప ముద్దుబిడ్డ, డా. బాబా సాహెబ్ అంబేద్కర్",
డా బాబా సాహెబ్ మహారాష్ట్రలోని ఒక చిన్న గ్రామంలో ఒక దళిత కుటుంబంలో పుట్టారు.,డాబాబాసాహెబ్ మహారాష్ట్రలోని ఒక చిన్న గ్రామంలో ఒక దళిత కుటుంబంలో పుట్టారు.,
"చిన్నప్పటి మంచి సమాజంలో జరిగే అనచివేతను చూసి కేవలం హక్కులన్ని ఒక సామాజిత వర్గం అనుభవించడం, మిగతా ప్రజలు వారికి సేవ చేయడం చూసి, ఈ వ్యవస్థ మారాలి అంటే మనిషి చదువుకోవాలి, మనిషి ఆలోచించాలి.","చిన్నప్పటి నుంచి సమాజంలో జరిగే అన్యాయాన్ని చూసి, కేవలం హక్కులన్ని ఒక సామాజిక వర్గం అనుభవించడం, మిగతా ప్రజలు వారికి సేవ చేయడం చూసి, ఈ వ్యవస్థ మారాలి అంటే మనిషి చదువుకోవాలి, మనిషి ఆలోచించాలి.",
అప్పుడే సమాజంలో ఉంటే రుగ్మతలను తొలిగిస్తాడు అని నమ్మిన మనిషి.,అప్పుడే సమాజంలో ఉండే రుగ్మతలను తొలగిస్తాడు అని నమ్మిన మనిషి.,
చిన్నప్పటి నుంచి ఎన్ని అవమానలను అనుభవించిన తాన లక్ష్మాన్ని మాత్రం మరువలేదు.,చిన్నప్పటి నుంచి ఎన్ని అవమానాలను అనుభవించిన తాను లక్ష్యాన్ని మాత్రం మరువలేదు.,
"ఎన్నో అత్యున్నత చదువులు చదివి, భారత దేశంలో అనగారిన వర్గల అభ్యుధల్ కోసం కష్టపడి పోరాడాడు.","ఎన్నో అత్యున్నత చదువులు చదివి, భారత దేశంలోని అణగారిన వర్గాల అభ్యుద్ధి కోసం కష్టపడి పోరాడాడు.",
ఎంతో మందికి హక్కులను కల్పించాడు.,ఎంతో మందికి హక్కులను కల్పించాడు.,
భారత స్వతంత్య్రం వచ్చిన తరువాత ఈ దేశాన్ని నడిపించే రాజ్యాంగాన్ని రచించి ఎందరికో ఆదర్శంగా నిలిచాడు.,భారత స్వాతంత్ర్యం వచ్చిన తరువాత ఈ దేశాన్ని నడిపించే రాజ్యాంగాన్ని రచించి ఎందరికో ఆదర్శంగా నిలిచాడు.,
"జీవితంలో హీరో కావాలి అంటే తెరాల ముందు కాదు, తెరాలు దాటి సమాజంలో జీవించాలి.","జీవితంలో హీరో కావాలి అంటే తెర ముందు కాదు, తెర దాటి సమాజంలో జీవించాలి.",
తాను పడిన కష్టాలు ఈ దేశం - పదుకూడదు అని తాను నెత్తుటి చుక్కలను లక్ష అక్షరాలగా మార్చి భారత మాత నుదట రాజ్యాంగ తిలకం దిద్దాడు.,తాను పడిన కష్టాలు ఈ దేశం పడకూడదని తాను నెత్తుటి చుక్కలను లక్ష అక్షరాలుగా మార్చి భారత మాత నుదుట రాజ్యాంగ తిలకం దిద్దాడు.,
నా దృష్టిలో హీరో అంటే ఒక మనిషిని చైత్యనం చేసేవాడు.,నా దృష్టిలో హీరో అంటే ఒక మనిషిని చైతన్యం కలిగించేవాడు.,
ఒక దేశాన్నే చైత్యనం చేసినవాడి కంటె గొప్ప హీరో ఎవరు,ఒక దేశాన్నే చైతన్యం చేసినవాడికంటే గొప్ప హీరో ఎవరు?,
విద్య యొక్క ప్రాముఖ్యత్,విద్య యొక్క ప్రాముఖ్యత,
విద్య'. అంటే మాలాంటి మామూల జనం అనే పదం 'చదువు'.,విద్య' అంటే మాలాంటి మామూల జనం వాడే పదం 'చదువు'.,
"విద్యయా వర్ధతే వినయంబు, వినయంబు వలెనే పాత్రత, పాత్రత వర్ధతే మనుజుడు అవును’ అని అన్నారు ఏనుగుల లక్ష్మణ కవి.","విద్యయా వర్థతే వినయంబు, వినయంబు వలన పాత్రత, పాత్రత వర్థతే మనుజుడు అవును’ అని అన్నారు ఏనుగుల లక్ష్మణ కవి.",
"అంటే విద్య వలన మనిషి వినయము, దాన్ని వలన పాత్రత అంటే గొప్ప గుణము, దాని వలన మనుజుడు అంటే గొప్ప మనిషి అవుతాడు అన్నారు.","అంటే విద్య వలన మనిషి వినయం, దాని వలన పాత్రత (గొప్ప గుణం), దాని వలన మనుజుడు గొప్ప మనిషి అవుతాడు అన్నారు.",
"ఒక మనిషికి ఆలోచించే వరాన్ని ఇచ్చేది, విద్య.",ఒక మనిషికి ఆలోచించే వరాన్ని ఇచ్చేది విద్య.,
మనిషి ఆలోచించ గలిగితే తన చూట్ట ఉండే ప్రపంచానే మార్చుతాడు.,మనిషి ఆలోచించగలిగితే తన చుట్టూ ఉండే ప్రపంచాన్ని మార్చుతాడు.,
"ఈ రోజు మనం చూసే ఈ గొప్ప సాంకేతిక పరిజ్ఞానం, ఎంతో మంది ఆలోచలలోనే పుట్టింది, దానికి మూలం చదువు.","ఈ రోజు మనం చూసే ఈ గొప్ప సాంకేతిక పరిజ్ఞానం ఎంతో మంది ఆలోచనలలోనే పుట్టింది, దానికి మూలం చదువు.",
"ఒక మనిషి ఆలోచించగలిగితే ఏది మంచో ఏది చెడో చెప్ప గాలడు, దాని మూలం కూడా చదువే.","ఒక మనిషి ఆలోచించగలిగితే ఏది మంచో ఏది చెడో చెప్పగలడు, దాని మూలం కూడా చదువే.",
మనిషి చదువుకొంటే ఎంతో మంది జీవిలాలను కూడా మార్చగలడు.,మనిషి చదువుకొంటే ఎంతో మంది జీవితాలను కూడా మార్చగలడు.,
సమాజంలో జరిగే దేనినైనా చదువు మార్చగాలదు లేదు లేదు చదుకున్న వాడి చేత ఆ చదువు మార్పు చేసేలా చేస్తుంది.,"సమాజంలో జరిగే దేనినైనా చదువు మార్చలేడు, కానీ చదువుకున్న వాడి చేత ఆ చదువు మార్పు చేయగలదు.",
"మనకు అన్నం పెట్టేది కుడా మనం చదువే, మంచిగా చదువుకొంటే మంచి ఉద్యోగం వస్తుంది.","మనకు అన్నం పెట్టేది కూడా మన చదువే, మంచిగా చదువుకొంటే మంచి ఉద్యోగం వస్తుంది.",
తద్వారా మనం జీవనం సాగించ వొచ్చు.,తద్వారా మనం జీవనం సాగించవచ్చు.,
ఈ ప్రపంచంలో జరిగే ప్రతి మార్పుకు మూలం చదువే.,ఈ ప్రపంచంలో జరిగే ప్రతి మార్పుకు మూలం చదువే.,
"చదువు అంటే పుస్తకాలలో చదివేదే కాదు, ప్రపంచం మనకు నేర్పేది కుడా చదువే.","చదువు అంటే పుస్తకాలలో చదివేదే కాదు, ప్రపంచం మనకు నేర్పేది కూడా చదువే.",
ఇన్ని ప్రాముఖ్యతలతో కూడి ఉన్నది చదువు.,ఇన్ని ప్రాముఖ్యతలతో కూడి ఉన్నది చదువు.,
"మనం చదువుకుందాం, మనతో అందరిన్ని చదివింద్దాం.","మనం చదువుకుందాం, మనతో అందరినీ చదివిద్దాం.",
చదువుకొనేలా చేద్దాం.,చదువుకొనేలా చేద్దాం.,
"చిన్నప్పడు మా నాయనమ్మ పక్కన పడుకొని విన్న కథ, మా నాయనమ్మ చెప్పిన మా ""రాములోరి కథ.","చిన్నప్పుడు మా నాయనమ్మ పక్కన పడుకొని విన్న కథ, మా నాయనమ్మ చెప్పిన మా ""రాములోరి కథ"".",
భారత దేశంలో పుట్టిన ప్రతి మనిషి చిన్నప్పటి నుంచి విన్న కథ.,భారత దేశంలో పుట్టిన ప్రతి మనిషి చిన్నప్పటి నుంచి విన్న కథ ఇది.,
తెరాలు కట్టి చూపిన కథ.,తెరలు కట్టి చూపిన కథ.,
మనిషిని మనిషిగా మార్చే కధ.,మనిషిని మనిషిగా మార్చే కథ.,
మా రామాయణం .,మా రామాయణం .,
తండ్రి మాట కోసం ఎంత వరకు వెళ్ళే కొడుకు కథ.,తండ్రి మాట కోసం ఎంతవరకైనా వెళ్ళే కొడుకు కథ.,
"భర్త ఆడుగు జాడలో నడిచే భార్య కథ, అన్న కోసం ప్రాణం ఇచ్చే తమ్ముల కథ.","భర్త అడుగు జాడలో నడిచే భార్య కథ, అన్న కోసం ప్రాణం ఇచ్చే తమ్ముళ్ల కథ.",
స్నేహం అంటే ఇలా ఉండాలి అని చూపే రామ సుగ్రీవుల కథ.,స్నేహం అంటే ఇలా ఉండాలి అని చూపే రామ–సుగ్రీవుల కథ.,
"పరాయి వాడి భార్య మీద ఆశ పడితే ఎంతటి వాడికైన పరాజయం తప్పదు అని వాలీ, రావణలను చూపిన కథ.","పరాయి వాడి భార్య మీద ఆశపడితే ఎంతటి వాడికైనా పరాజయం తప్పదని వాలి, రావణులను చూపిన కథ.",
ఎప్పడు ధర్మం వైపే నిలబడాలి.,ఎప్పుడూ ధర్మం వైపు నిలబడాలి.,
తప్పు చేసేది సొంత అన్న యైన వారికి బుద్ధి చెప్పాలి అని చూసే వీభీషునిడి కథ .,తప్పు చేసేది సొంత అన్న అయిన వారికి బుద్ధి చెప్పాలి అని చూపే విభీషణుడు కథ.,
నువ్వు కష్టంలో ఉంటే నీకు ఒక సాయంగా వచ్చే ఆంజనేయుడి కథ.,నువ్వు కష్టంలో ఉంటే నీకు సాయంగా వచ్చే ఆంజనేయుడి కథ.,
నాకు మరణమే లేదు అన్ని విర్రవిగే రావణుడికి మనిషి రూపంలో వచ్చి మట్టు పెట్టిన రాఘవుడి కథ .,నాకు మరణమే లేదు అని విర్రవీగే రావణుడికి మనిషి రూపంలో వచ్చి మట్టు పెట్టిన రాఘవుడి కథ.,
ఒక మనిషి జీవితంలో ఎలా ఉండాలో చెప్పే కథ ఈ రామాయణం.,ఒక మనిషి జీవితంలో ఎలా ఉండాలో చెప్పే కథ ఈ రామాయణం.,
ఒక మనిషి అంటే ఇలా ఉండాలి అని రాముడు అనే పాత్రతో మనిషికి జీవితాన్ని పరిచయం చేసే కథ ఈ రామాయణం.,ఒక మనిషి అంటే ఇలా ఉండాలి అని రాముడు అనే పాత్రతో మనిషికి జీవితాన్ని పరిచయం చేసే కథ ఈ రామాయణం.,
"ఒక చెడ్డ వాడు ఒక మంచి వాడిగా మారి ఒక గొప్ప కవ్యం రాయాగలవు అన్ని చూపించిన గొప్ప కవి వాల్మీకి, తను రాసిన ఒక గొప్ప కావ్యం రామాయణం.","ఒక చెడ్డవాడు ఒక మంచి వాడిగా మారి ఒక గొప్ప కావ్యం రాయగలడని చూపించిన గొప్ప కవి వాల్మీకి, ఆయన రాసిన గొప్ప కావ్యం రామాయణం.",
మనం చదువుదాం మనల్మి చదివించే గొప్ప కావ్యం మన రామాయణం.,"మనం చదువుదాం, మనల్ని చదివించే గొప్ప కావ్యం మన రామాయణం.",
"భారత దేశంలో పుట్టే ప్రతి మనిషి తన చిన్నప్పటి నుంచి వీనే కథలు, విన్న కథలలో కచ్చితంగా ఉండే కథలు ఈ పురాణాలు .",భారత దేశంలో పుట్టే ప్రతి మనిషి చిన్నప్పటి నుంచి విన్న కథలలో కచ్చితంగా ఉండే కథలు ఈ పురాణాలు.,
పురాణాలు మన పూర్వికుల గురించి చెప్పే కథలు.,పురాణాలు మన పూర్వికుల గురించి చెప్పే కథలు.,
"అలా మనం విన్న గొప్ప పురాణ కథలు రామాయణం, మహాభారతం, భాగవతం, ఇవి అన్ని ఒక మనిషిని మంచి మార్గంలో నడిపే కథలు ఈ పురాణాలు.","అలా మనం విన్న గొప్ప పురాణ కథలు రామాయణం, మహాభారతం, భాగవతం. ఇవన్నీ ఒక మనిషిని మంచి మార్గంలో నడిపే కథలు — ఈ పురాణాలు.",
రామాయణం' అనే కథ తో 'రాముడు' అనే ప్రాతతో ప్రతి మనిషికి మనిషి ఎలా ఉండాలో నేర్పిన కథ 'మహభారతం' .,రామాయణం' అనే కథలో 'రాముడు' అనే పాత్రతో ప్రతి మనిషికి మనిషి ఎలా ఉండాలో నేర్పిన కథ 'మహాభారతం',
ఒక మనిషికి రాజీకీయం అంటే ఎంటో నేర్పిన కథ.,ఒక మనిషికి రాజకీయమంటే ఏమిటో నేర్పిన కథ.,
భాగవతం' మనిషి ఎంటో నేర్పే పురాణం.,భాగవతం' మనిషి ఏమిటో నేర్పే పురాణం.,
ఈ పురాణల వలన మనిషి ఎది మంచో ఎది చెడో నేర్చుకోనే వాడు.,ఈ పురాణాల వలన మనిషి ఏది మంచో ఏది చెడో నేర్చుకుంటాడు.,
అందుకే చిన్నప్పటి నుంచి మన పెద్ద వాళ్ళు మనకు ఈ కథలు చెబుతారు.,అందుకే చిన్నప్పటి నుంచే మన పెద్దవాళ్లు మనకు ఈ కథలు చెబుతారు.,
ఒక మనిషిన్ని కొన్ని శల్దాబల వెనకి తీసుకు వెళ్ళే కథలు ఇవి.,ఒక మనిషిని కొన్ని శతాబ్దాల వెనక్కి తీసుకు వెళ్ళే కథలు ఇవి.,
అమ్మ గోరు మద్దల పెడుతు చెప్పిన కథలు ఇవి.,అమ్మ గోరు ముద్దలు పెడుతూ చెప్పిన కథలు ఇవి.,
చరిత్రల గురించి ఇతీహాసల గురించి చిన్నప్పటి నుంచే అవగాహన కోసం చెప్పే కథలు ఈ పూరాణాలు.,"చరిత్రల గురించి, ఇతిహాసాల గురించి చిన్నప్పటి నుంచే అవగాహన కోసం చెప్పే కథలు ఈ పురాణాలు.",
"కానీ ఇప్పటి రోజులో అలాంటి పురాణాలు ఏవి, అవి చెప్పే నాయనమ్ము, అమ్మమ్ములు ఏరి.","కానీ ఇప్పటి రోజుల్లో అలాంటి పురాణాలు లేవు, అవి చెప్పే నాయనమ్మలు, అమ్మమ్మలు ఎవరూ ఏరి?",
మారుతున్న కాలంతో పాట మనషులు కూడా మర్చిపోతున్నారు.,మారుతున్న కాలంతో పాటు మనుషులు కూడా మర్చిపోతున్నారు.,
"మనిషికి మనవీయ విలువలు నేర్పే కధలు ఈ పురాణాలు, మనం నేర్చుకుందాం మన తరువాత తరలకు నేర్పిద్దాం.","మనిషికి మానవీయ విలువలు నేర్పే కథలు ఈ పురాణాలు. మనం నేర్చుకుందాం, మన తరువాత తరాలకు నేర్పిద్దాం.",
మన పురాణాలు ప్రపంచానే మార్చిన కధలు ఇవి.,మన పురాణాలు ప్రపంచాన్నే మార్చిన కథలు ఇవి.,
"మన తారాల మార్పును చుసిన కధలు ఇవి .""",మన తరాల మార్పును చూసిన కథలు ఇవి.,
కాలేజీలో మీ మొదటి రోజు,కాలేజీలో మీ మొదటి రోజు,
నేను జూలై లో ఐ.ఐ.టి కాన్పూర్ ను చేరుకున్నాను .,నేను జూలైలో ఐఐటీ కాన్పూర్ చేరుకున్నాను.,
నాతో పాటు మా తల్లిదండ్రులు రాలేదు.,నాతో పాటు మా తల్లిదండ్రులు రాలేదు.,
కాలేజీ చాలా దూరం మరియు తిరిగి వెళ్ళటపుడు భాష వల్ల కొంచెం కష్టం కావొచ్చు.,కాలేజీ చాలా దూరం మరియు తిరిగి వెళ్ళేటప్పుడు భాష వల్ల కొంచెం కష్టం కావొచ్చు.,
అందువల్ల నేను మొకా పవన్ కుమార్ తో రావాల్సి వచ్చింది.,అందువల్ల నేను మోకా పవన్ కుమార్‌తో రావాల్సి వచ్చింది.,
వచ్చిన తర్వాత మొదటి రోజే మండుటెండలో 2 గంటలు నిల్చున్నాం,వచ్చిన తర్వాత మొదటి రోజే మండుటెండలో 2 గంటలు నిల్చున్నాం.,
అలా నిల్చుని అక్కడ ఉన్న డాక్కుమెంట్ పనులు మరియు ఐడి కార్డు కుండా తీస్కోవడం జరిగింది.,అలా నిల్చుని అక్కడ ఉన్న డాక్యుమెంట్ పనులు మరియు ఐడి కార్డు కూడా తీసుకోవడం జరిగింది.,
"ఐడి తీస్కుని రూమ్ లోకి వెళ్ళి, నేను పడ్డ ఆనందం మరియు భయం ఎవ్వరు పడి ఉండరు.","ఐడి తీసుకొని రూమ్‌లోకి వెళ్ళి, నేను పడ్డ ఆనందం మరియు భయం ఎవరు పడి ఉండరు.",
"నేను చాలా కష్టపడి నేను ఎప్పటి నుంచో కలలు గన్న కాలేజీకి చేరుకున్నా అనే ఆనందం, ఇక్కడ ఉన్న జనాలు, నాతో టి విద్యార్థులు ఎలా ఉంటారు నేను ఇక్కడ ఉండగలనా లేదా అనే భయం. ఉంటారు.","నేను చాలా కష్టపడి ఎప్పటి నుంచో కలలు కన్న కాలేజీకి చేరుకున్నాననే ఆనందం, ఇక్కడ ఉన్న జనాలు, నాతోటి విద్యార్థులు ఎలా ఉంటారు, నేను ఇక్కడ ఉండగలనా లేదా అన్న భయం.",
ఆరోజే సినియర్ జశ్వంత్ అన్న కలిసా మరియు మనోజ్ అన్న కుడా వచ్చాడు.,"ఆ రోజే సీనియర్ జశ్వంత్ అన్నను కలిశా, మరియు మనోజ్ అన్న కూడా వచ్చాడు.",
"వాళ్ళు అంత బాగానే ఉంటుంది, కోర్సులు కొద్దిగా బాగా కష్టపడితే మంచి గ్రేడ్లు వస్తాయి అని అన్నారు.","వాళ్లు అంతా బాగానే ఉంటుందని, కోర్సులు కొద్దిగా కష్టపడితే మంచి గ్రేడ్లు వస్తాయని అన్నారు.",
కానీ అనుకున్నంత సులువు ఏం కాదులే అని జశ్వంత్ అన్న అన్నాడు.,కానీ అనుకున్నంత సులభం ఏం కాదని జశ్వంత్ అన్న అన్నాడు.,
అప్పుడు అనుకున్నా చాలా కష్టపడాలి అని.,అప్పుడు అనుకున్నా చాలా కష్టపడాలని,
"ఆ రోజు మా ఇంటికి, చెల్లికి, అమ్మమ్మ వాళ్ళకి అందరికి కాల్ చేసి హాస్టాల్ చూపించా.","ఆ రోజు మా ఇంటికి, చెల్లికి, అమ్మమ్మవాళ్లకి, అందరికీ కాల్ చేసి హాస్టల్ చూపించాను.",
వాళ్ళు చానా ఆనంద పడ్డారు. నేను అనుకున్న చోటికి వెళ్ళి నందుకు.,వాళ్లు చాలా ఆనందపడ్డారు. నేను అనుకున్న చోటికి వెళ్లినందుకు.,
న స్నేహితురాలు మౌనిక కూడా నన్ను అభినందించింది.,నా స్నేహితురాలు మౌనిక కూడా నన్ను అభినందించింది.,
తనతో పాటు వంశీ జయచంద్ర సాయి మానస దీప్తి ఇంకా మా బీటెక్ కాలేజీ విద్యార్థులు కూడా అభినందించారు మరియు ఆనందించారు,"తనతో పాటు వంశీ, జయచంద్ర, సాయి, మానస, దీప్తి ఇంకా మా బీటెక్ కాలేజీ విద్యార్థులు కూడా అభినందించారు మరియు ఆనందించారు.",
ఆ రోజే రితిక్ మరియు ప్రదీపలను కలిసా వాళ్ళిద్దరూ నా రూమ్ మేట్స్.,ఆ రోజే రితిక్ మరియు ప్రదీపలను కలిశా. వాళ్లు ఇద్దరూ నా రూమ్‌మేట్స్.,
చాలా మంచివాళ్ళు మరియు వారిద్దరూ కూడా బీటెక్ లో సి.ఎస్. యి చేసి వచ్చిన వాళ్ళే.,"చాలా మంచివాళ్లు మరియు వారిద్దరూ కూడా బీటెక్‌లో 
సి.ఎస్.ఇ చేసి వచ్చిన వాళ్లే.",
"అదీకాక్ వారిద్దరు శాఖాహారులు అధికూడా నాకు చాలా అనుకూలమైన పరిస్థితిల అనిపించింది, కాలేజీ బిల్డింగ్ లు మరియు రోడ్లు చూసి ఇలాంటి కాలేజీలో బీటెక్ చేసి ఉంటే చాలా బాగుండేది అని అనుకున్నాను.","అదీకాక, వారిద్దరూ శాకాహారులు. అదీ కూడా నాకు చాలా అనుకూలమైన పరిస్థితిలా అనిపించింది. కాలేజీ బిల్డింగులు మరియు రోడ్లు చూసి, ఇలాంటి కాలేజీలో బీటెక్ చేసి ఉంటే చాలా బాగుండేదని అనుకున్నాను.",
కానీ బీటెక్ లో జాయిన్ కావాలి అంటే మన తల్లిదండ్రులకు దీని మిద అవగహన ఉడాలి మరియు కొంచెం డబ్బులు కుడా ఉండాలి. అనే ఆలోచన వచ్చింది.,కానీ బీటెక్‌లో జాయిన్ కావాలి అంటే మన తల్లిదండ్రులకు దీని మీద అవగాహన ఉండాలి మరియు కొంచెం డబ్బులు కూడా ఉండాలి అన్న ఆలోచన వచ్చింది.,
"కానీ ఏది అయితేనేం చినరగా వచ్చా, వచ్చినందుకు ఏదైనా చేసే వెళ్ళలి అని అనుకున్నా.","కానీ ఏది అయితేనేం చివరగా వచ్చా, వచ్చినందుకు ఏదైనా చేసి వెళ్ళాలి అని అనుకున్నా.",
"ఆ తర్వాత ఆ రోజు మధ్యాహ్నం భోజనం చెయ్యడానికి మెస్ దగ్గరకు వెళ్ళం, విద్యార్థులకు ఐడి నెంబర్ తీసుకుని లైన్ లో నుంచో మన్నారు.",ఆ తర్వాత ఆ రోజు మధ్యాహ్నం భోజనం చేయడానికి మెస్ దగ్గరకు వెళ్ళాం. విద్యార్థులకు ఐడి నంబర్ తీసుకుని లైన్‌లో నిలబడి ఉండమన్నారు.,
"లైన్ లో ఉండి ఫుడ్ తిన్నా తర్వాత నా పాత కాలేజీని తిట్టుకున్నా ఇది కాదా మంచి ఆహారం మీరు పెట్టారు ఇన్ని రోజులు మంచి నీళ్ళ పెరుగు, నీళ్ళ సాంబార్ అని తిట్టుకున్నా.","లైన్‌లో నిలబడి ఫుడ్ తిన్నాక, నా పాత కాలేజీని తిట్టుకున్నా—ఇది కాదా మంచి ఆహారం? ఇన్ని రోజులు నీళ్ళ పెరుగు, నీళ్ళ సాంబార్ పెట్టారు” అని తిట్టుకున్నా.",
ఆ తర్వాత వెళ్ళి కాసేపు పడుకున్నాను. 4:00 ఆ సమయానికి బెడ్ మరియు తలగడ కొందాం అని రితిక్ మరియు ప్రదీప్ అంటేం వెళ్ళాం కొనుక్కొని వచ్చం.,"ఆ తర్వాత వెళ్ళి కాసేపు పడుకున్నాను. 4:00 సమయానికి బెడ్ మరియు తలగడ కొందాం అని రితిక్ మరియు ప్రదీప్ అంటేం, వెళ్ళి కొనుక్కొని వచ్చాం.",
వచ్చిన తర్వాత మార్నింగ్ తెచ్చిన నా బట్టలు ఇంకా మిగితా లగేజిని మొత్తం సర్దుకున్నాను.,వచ్చిన తర్వాత ఉదయం తెచ్చిన నా బట్టలు ఇంకా మిగతా లగేజీని మొత్తం సర్దుకున్నాను.,
బెడ్ పైన బెడ్ షీట్ మరియు తలగడ అంతా సర్దుకున సరికి రాత్రి అయింది.,బెడ్‌పైన బెడ్‌షీట్ మరియు తలగడ అంతా సర్దుకునే సరికి రాత్రి అయింది.,
ఉదయం అంత మంచి ఆహరం చుసిన తర్వాత రాత్రి తినడానికి చాలా ఉత్సహంలో వెళ్ళాను వెళ్ళి బాగా తిన్నాను,"ఉదయం అంత మంచి ఆహారం చూసిన తర్వాత, రాత్రి తినడానికి చాలా ఉత్సాహంగా వెళ్ళి బాగా తిన్నాను.",
"బయటకు వచ్చి అలా ఒక పావుగంట నిల్చుని ఉంటే ఒక ముగ్గురు తెలుగువాళ్ళు వచ్చారు, వాళ్ళతో ముట్లాడా, అంతేకాక తెలుగువాళ్ళు చాలా మంది జాయిన్ అయ్యి ఉన్నారని తెలిసి ఆనందించ.","బయటకు వచ్చి ఒక పావుగంట నిల్చుని ఉండగా ముగ్గురు తెలుగువాళ్ళు వచ్చారు, వాళ్ళతో మాట్లాడా, అంతేకాక తెలుగువాళ్ళు చాలా మంది జాయిన్ అయి ఉన్నారని తెలిసి ఆనందించాను.",
అప్పడు అక్కడున్న సుధాకర్ తెలుగువాళ్ల ఎం.టెక్ సి పోస్ యి లో తొమ్మిది ఉన్నారు అన్నాడు.,"అప్పడు అక్కడున్న సుధాకర్, తెలుగువాళ్లలో 
ఎం.టెక్ సి.ఎస్.ఇ. లో తొమ్మిది మంది ఉన్నారని అన్నాడు.",
అయతే ఇంక అసలు గొడవే లేదు అని అనుకున్నా.,అప్పుడు ఇక అసలు గొడవే లేదని అనుకున్నా.,
ఆ తర్వాత మా రూమ్ మేట్స్ తో కలిసి అలా నడుచు కుండు రోడ్డు మీదకు వచ్చా .,ఆ తర్వాత మా రూమ్‌మేట్స్‌తో కలిసి అలా నడుచుకుంటూ రోడ్డుమీదకు వచ్చాను.,
అలా నడుచుకుంటు వెళ్తున్నం.,అలా నడుచుకుంటూ వెళ్తున్నాం.,
అప్పడే తెలిసింది కాలేజీ ఆవరనలో ఒక పులి తిరుగుతుంది అని,అప్పుడే తెలిసింది కాలేజీ ఆవరణలో ఒక పులి తిరుగుతోందని.,
అప్పడు చాలా బయ పడ్డా కానీ మా రూమ్ మెట్స్ మాత్రం వస్తే రాని నిన్ను చూసి పారిపోతుందిలే అని జోకుల వేసారు ఇద్దరు.,"అప్పుడే చాలా భయపడ్డా, కానీ మా రూమ్‌మేట్స్ మాత్రం వస్తే రాని నిన్ను చూసి పారిపోతుందిలే అని జోకులు వేశారు.",
వాళ్ళిద్దరు ఏం కాదులే అని ఇంకా నడుద్దాం అని చెప్పి అక్కడ ఉన్న సెక్యూరిటీ సెంటర్ వరకు తీసుకుని వెళ్ళారు.,"వాళ్లు ఇద్దరూ ఏం కాదులే, ఇంక నడుద్దాం అని చెప్పి, అక్కడున్న సెక్యూరిటీ సెంటర్‌వరకు తీసుకెళ్ళారు.",
అక్కడ ఉన్న ఫైర్ ఇంజన్ చూసి కాలేజీలో ఇది కూడా ఉందా చాలా అడ్వాన్స్ గా ఉన్నారు అని అనుకున్నాను.,"అక్కడున్న ఫైర్ ఇంజన్ చూసి కాలేజీలో ఇది కూడా ఉందా, చాలా అడ్వాన్స్‌గా ఉన్నారని అనుకున్నాను.",
తర్వతా మేం తిరిగి రూంకి వచ్చేసాం.,తర్వాత మేం తిరిగి రూంకి వచ్చేశాం.,
వచ్చిన తర్వాత మళ్ళి ఇంటికి కాల్ చేసి ఎం మాట్లాడి ఫోన్ పెట్టేసా.,వచ్చిన తర్వాత మళ్ళీ ఇంటికి కాల్ చేసి ఏం మాట్లాడి ఫోన్ పెట్టేశా.,
ఆ ఫోన్ అలా పెట్టానో లేదో మా స్నేహితులు ఫోన్ చేసారు.,ఆ ఫోన్ పెట్టానో లేదో మా స్నేహితులు ఫోన్ చేశారు.,
"చేసి అప్పడే మర్చిపోయావా, కాల్ చెయ్యలి కదా అని నన్ను అన్నారు .",చేసి అప్పుడే మర్చిపోయావా? కాల్ చేయాలి కదా అని నన్ను అన్నారు.,
నాకు అర్థం అయ్యంది వాళ్ళ అలిగారు మళ్ళి నన్ను ఆట పట్టిస్తున్నారు అని వాళ్ళకి ఇది అది అని చెప్పి కాలేజీలో మెదటి రోజు జరిగినవి అన్ని వాళ్ళతో పంచుకున్నాను.,"నాకు అర్థమైంది వాళ్లు అలిగారు మళ్ళీ నన్ను ఆటపట్టిస్తున్నారు అని. వాళ్లకి ఇది అది చెప్పి, కాలేజీలో మొదటి రోజు జరిగినవి అన్నీ వాళ్లతో పంచుకున్నాను.",
అలా వాళ్ళ కాల్ అయ్యాక రూమ్ కి వెళ్ళా.,అలా వాళ్ల కాల్ అయ్యాక రూమ్‌కి వెళ్ళా.,
ఈ లోపే వాళ్ళీద్దరు తర్వాత వవాడు నాలుగు నెలలు ఏం చెయ్యాలి అని ప్లాన్ చేస్కు టున్నారు .,ఈలోపే వాళ్లిద్దరూ తర్వాత వచ్చే నాలుగు నెలలు ఏం చేయాలి అని ప్లాన్ చేస్తున్నారు.,
అలా మాట్లాడుతు ఉంటే తెలిసింది రితిక్ సి.ఎస్.యి రాలేదని రోబో టిక్స్ విభాగం తీసుకున్నాడు.,"అలా మాట్లాడుతుండగా తెలిసింది రితిక్ సి.ఎస్.యి రాలేదని, రోబోటిక్స్ విభాగం తీసుకున్నాడని.",
ప్రదీప్ ఏమో ఏదానా ప్రభుత్వ ఉద్యాగం వస్తే వెళ్ళి పోతాడు అని.,ప్రదీప్ ఏమో ఏదైనా ప్రభుత్వ ఉద్యోగం వస్తే వెళ్ళిపోతాడని.,
రితిక్ రోబోటిక్స్ మచ్చినా సి.ఎస్.యి అంటేనే ఇష్టం అనీ అందులోనే ఎక్కువ సబ్జెక్ట్ లు చేస్తాను అని అన్నాడు.,"రితిక్ రోబోటిక్స్ వచ్చినా, సి.ఎస్.యి అంటేనే ఇష్టం అని, అందులోనే ఎక్కువ సబ్జెక్టులు చేస్తానని అన్నాడు.",
"అప్పడు అనుకున్నా ఇక్కడికి వచ్చిన ప్రతి ఒక్కరికి ఒక కథ ఉటుంది, ఒక లక్ష్యం ఉటుంది మరియం దాని కోసం ఎంతైనా కష్టపడే తత్వం ఉంటుంది అని.","అప్పుడే అనుకున్నా ఇక్కడికి వచ్చిన ప్రతి ఒక్కరికి ఒక కథ ఉంటుంది, ఒక లక్ష్యం ఉంటుంది, దాని కోసం ఎంతైనా కష్టపడే తత్వం ఉంటుందని.",
వాళ్ళు కూడా ఒక విధంగా నాకు చాలా స్ఫూర్తిని ఇచ్చారు.,వాళ్లు కూడా ఒక విధంగా నాకు చాలా స్ఫూర్తినిచ్చారు.,
ఆ స్ఫూర్తితో రేవటి నుంచి నేను కుడా బాగా పని చెయ్యాలి ఇక్కడి నుండి వెళ్ళిలోపు ఏదానా సాధించాలీ అని అనుకున్నాను.,"ఆ స్ఫూర్తితో, రేవటి నుంచి నేను కూడా బాగా పని చేయాలి, ఇక్కడి నుండి వెళ్ళేలోపు ఏదైనా సాధించాలి అని అనుకున్నాను.",
"ఇలా నా మొదటి రోజు గడిచింది, చాలా గుర్తుకు ఉదిపోయే రోజు అది.","ఇలా నా మొదటి రోజు గడిచింది, చాలా గుర్తుంచుకునే రోజు అది.",
ఈనాటి కాలంలో టెక్నాలజి బాగా అభివృద్ధి చెందడతో సమాజంలో యువతల జీవితాలు బాగుపడ్డాయి.,ఈనాటి కాలంలో టెక్నాలజీ బాగా అభివృద్ధి చెందడంతో సమాజంలో యువత జీవితాలు బాగుపడ్డాయి.,
"దురపు భంధాలు, కుటుంభ సభ్యులు తమ ప్రియమైన వాల్లతో సంతోషాలు పంచుకోగలుగుతూన్నారు.","దూరపు బంధాలు, కుటుంబ సభ్యులు తమ ప్రియమైన వాళ్లతో సంతోషాలు పంచుకోగలుగుతున్నారు.",
"ఆర్థికంగా ఇబ్బంది పడె యువతకు అవకాషాలు లేకపోయినా సోషల్ మీడియా వలన తమకు కవలసిన, ఇష్టయైన నైపున్యాలు నేర్చుకోగలుగుతూన్నారు.","ఆర్థికంగా ఇబ్బంది పడే యువతకు అవకాశాలు లేకపోయినా సోషల్ మీడియా వలన తమకు కావలసిన, ఇష్టమైన నైపుణ్యాలు నేర్చుకోగలుగుతున్నారు.",
"పిల్లలు తమ మిత్రులతో స్కూల్ తర్వాత కూడా ఆడుకుంటు, ఇష్టటమైన సినిమాలు చూసుకుంటు సంతోషంగా ఉన్నారు.","పిల్లలు తమ మిత్రులతో స్కూల్ తర్వాత కూడా ఆడుకుంటూ, ఇష్టమైన సినిమాలు చూసుకుంటూ సంతోషంగా ఉన్నారు.",
"ముఖ్యంగా సోషల్ మీడియాని వాడేది యువత, చాలా మంది తమ స్నేహితులతో, చుట్టాలతో కలుపుకునే బంధాలలో సోషల్ మీడియా సాధానం దక్కించుకుంది.","ముఖ్యంగా సోషల్ మీడియాని వాడేది యువతే, చాలా మంది తమ స్నేహితులతో, చుట్టాలతో కలుపుకునే బంధాలలో సోషల్ మీడియా సాధనం దక్కించుకుంది.",
"కోత్తగా కలసినవాళ్లతో తమ వ్యక్తిగత విషయాలు, ఇష్టాలు కంటె సోషల్ ఫ్రోఫైల్లే ముఖ్య విషయం అయ్యింది.","కొత్తగా కలిసినవాళ్లతో తమ వ్యక్తిగత విషయాలు, ఇష్టాల కంటే సోషల్ ప్రొఫైల్‌లే ముఖ్య విషయం అయ్యింది.",
ప్రేమ జంటలు కూడా ట్రెండులను ఫాలో అవుతు స్క్రీన్ పై ఉన్న జీవితాలకే సమయం కేటాయిస్తున్నారు.,ప్రేమ జంటలు కూడా ట్రెండులను ఫాలో అవుతూ స్క్రీన్ పై ఉన్న జీవితాలకే సమయం కేటాయిస్తున్నారు.,
"ఒక వైపు రిలేషన్ షిప్ ల మీద చాలా దృష్టితో తమ పాట్నర్ ల గురించి చర్చిస్తు, ‘స్టాండ్ ర్డ స్’ వాళ్ళకు సరిపోవడంలాంటి ట్రెండ్ వళ్ళ చాలామంది ఒంటరిగానే ఉండిపోతున్నారు.","ఒక వైపు రిలేషన్ షిప్‌ల మీద చాలా దృష్టితో తమ పార్ట్నర్‌ల గురించి చర్చిస్తూ, ‘స్టాండర్డ్స్’ వాళ్లకు సరిపోక ట్రెండ్ వలన చాలామంది ఒంటరిగానే ఉండిపోతున్నారు.",
"సోషల్ మెడియాను సంతోషం పంచుతు, బంధాలు కలుపుకునేలా వాడుకోవాలి.","సోషల్ మీడియాలోను సంతోషం పంచుతూ, బంధాలు కలుపుకునేలా వాడుకోవాలి.",
"విదేషాల్లో, లేదా దూరపు ప్రదేషాల్లో నివసించే కుటుంబాలు సోషల్ మీడియా ద్వారా దెగ్గరైతు సంతోషంగా ఉన్నారు.","విదేశాల్లో, లేదా దూరపు ప్రదేశాల్లో నివసించే కుటుంబాలు సోషల్ మీడియా ద్వారా దగ్గరై సంతోషంగా ఉన్నారు.",
"ప్రతిరోజు పోస్టులు, ఫోటోల ద్వారా పెద్దవాళ్ళు ఇంకా తల్లితండ్రులు దూరంగా చదివే తమ పిల్ల ల గూరించి సంతోషంగాను గర్వంగా చింతలు లేకుండా ఉండగలుగుతున్నారు.","ప్రతిరోజు పోస్టులు, ఫోటోల ద్వారా పెద్దవాళ్లు ఇంకా తల్లిదండ్రులు దూరంగా చదివే తమ పిల్లల గురించి సంతోషంగా, గర్వంగా చింతలు లేకుండా ఉండగలుగుతున్నారు.",
యువతకు సోషల్ మీడియా తమ జీవితంలొ ఒక భాగమైపోయింది.,యువతకు సోషల్ మీడియా తమ జీవితంలో ఒక భాగమైపోయింది.,
"వ్లాగ్ లు , జర్నల్లతో తమ సాధారన రోజువారి జీవితాలను ఆన్లైన్ లో షేర్ చేసుకుంటు ఉత్సాహంగా నపున్యాలు నేర్పుతు, కొత్త ప్రదేశాలు చుపించుకుంటు, సాంప్రధాయాలు పంచుకుంటున్నారు.","వ్లాగ్‌లు, జర్నల్స్ తో తమ సాధారణ రోజువారీ జీవితాలను ఆన్‌లైన్‌లో షేర్ చేసుకుంటూ ఉత్సాహంగా నైపుణ్యాలు నేర్పుతూ, కొత్త ప్రదేశాలు చూపించుకుంటూ, సంప్రదాయాలు పంచుకుంటున్నారు.",
"స్కూల్ పిల్లలు, కాలెజిలకు పరిక్షలు రాయబోతున్న పిల్లలు తమ సీ నీర్ల్ ల ద్వారా నేర్చుకోలేనిది సోషల్ మిడిల్ ద్వారా నేర్చుకోగలుగు తున్నారు.","స్కూల్ పిల్లలు, కాలేజీలకు పరీక్షలు రాయబోతున్న పిల్లలు తమ సీనియర్ల ద్వారా నేర్చుకోలేనిది సోషల్ మీడియా ద్వారా నేర్చుకోగలుగుతున్నారు.",
"అమ్మాయిలకు అందం, ఫేషన్, ఫిట్నెస్, హాబ్బీలు ఇలా మరెనో యుట్యూబ్, ఇన్స్ టాగ్రామ్ ద్వారా ఒకరినుంచి ఒక్కరు నేర్చుకుంటు, సహాయం. చేస్కుంటున్నారు.","అమ్మాయిలకు అందం, ఫ్యాషన్, ఫిట్నెస్, హాబీలు ఇలా మరెన్నో యూట్యూబ్, ఇన్‌స్టాగ్రామ్ ద్వారా ఒకరినుంచి ఒక్కరు నేర్చుకుంటూ, సహాయం చేసుకుంటున్నారు.",
"ఇక అబ్బాలు ఫిట్నెస్, స్పోట్స్, ఆటోమొబైల్స్, ఎనిమే లతో జీవితాలను మెరుగు పరుచుకుంటు ఆనందంగా కాలం గడుపుతున్నారు.","ఇక అబ్బాయిలు ఫిట్నెస్, స్పోర్ట్స్, ఆటోమొబైల్స్, ఎనిమేలతో జీవితాలను మెరుగుపరుచుకుంటూ ఆనందంగా కాలం గడుపుతున్నారు.",
సోషల్ మీడియా వలన చాలా జీవితాలు బాగుపడ్డా మరియు కొంత మంది నష్టపడ్డారు.,సోషల్ మీడియా వలన చాలా జీవితాలు బాగుపడ్డాయి మరియు కొంత మంది నష్టపడ్డారు.,
మనుషుల మద్య బంధాలు పెంచే ఒక రితి కొంత మందికి పంజరమైంది.,మనుషుల మధ్య బంధాలు పెంచే ఒక రీతి కొంత మందికి పంజరమైంది.,
రోజు మనం గడిపే సమయంలో చాలా సమయం తినేసింది.,రోజు మనం గడిపే సమయంలో చాలా సమయం తినేసింది.,
